{
  "autolens_version": "2026.5.14.2",
  "device": {
    "backend": "gpu",
    "device": "cuda:0",
    "nvidia_smi": "NVIDIA GeForce RTX 2060 with Max-Q Design, 3262 MiB, 6144 MiB"
  },
  "instrument": "hannah",
  "model": "delaunay",
  "n_channels": 34,
  "configuration": {
    "pixel_scale_arcsec": 0.125,
    "mask_radius_arcsec": 2.3,
    "real_space_shape": [
      40,
      40
    ],
    "visibilities_per_channel": 16984,
    "hilbert_pixels": 500,
    "delaunay_vertices": 500,
    "edge_zeroed_pixels": 0,
    "regularization_coefficient": 1.0
  },
  "cube_log_evidence_eager": -6962381.549156394,
  "cube_log_evidence_jit": null,
  "log_evidence_per_channel_eager": [
    -204775.92791636448,
    -204775.92791636448,
    -204775.92791636448,
    -204775.92791636448,
    -204775.92791636448,
    -204775.92791636448,
    -204775.92791636448,
    -204775.92791636448,
    -204775.92791636448,
    -204775.92791636448,
    -204775.92791636448,
    -204775.92791636448,
    -204775.92791636448,
    -204775.92791636448,
    -204775.92791636448,
    -204775.92791636448,
    -204775.92791636448,
    -204775.92791636448,
    -204775.92791636448,
    -204775.92791636448,
    -204775.92791636448,
    -204775.92791636448,
    -204775.92791636448,
    -204775.92791636448,
    -204775.92791636448,
    -204775.92791636448,
    -204775.92791636448,
    -204775.92791636448,
    -204775.92791636448,
    -204775.92791636448,
    -204775.92791636448,
    -204775.92791636448,
    -204775.92791636448,
    -204775.92791636448
  ],
  "steps_cube_cost": {
    "Ray-trace data grid (shared)": 0.0017056400000001303,
    "Ray-trace mesh grid (shared)": 0.0015583000000333413,
    "Inversion setup, incl. NUFFT (per channel \u00d7 34)": 12.57560482000008,
    "Data vector D (per channel \u00d7 34)": 0.05780714000429725,
    "Curvature matrix F (per channel \u00d7 34)": 3.0845354200002477,
    "Regularization matrix H (shared)": 0.016078700000434765,
    "Reconstruction NNLS (per channel \u00d7 34)": 1.4192453400013618,
    "Mapped recon + log evidence (per channel \u00d7 34)": 0.8844120799967641
  },
  "per_channel_costs": {
    "inversion_setup": 0.36987073000000237,
    "data_vector": 0.0017002100001263897,
    "curvature_matrix": 0.09072163000000728,
    "reconstruction": 0.041742510000040055,
    "log_evidence": 0.026012119999904826
  },
  "total_step_by_step_cube": 18.04094744000322,
  "full_pipeline_cube_single_jit": NaN,
  "shared_lwl_savings_estimate": 2.99381379000024,
  "vmap": "SKIPPED \u2014 cube batching axis is 'datasets', not 'parameters'"
}