{
  "autolens_version": "2026.5.14.2",
  "device": {
    "backend": "gpu",
    "device": "cuda:0",
    "nvidia_smi": "NVIDIA GeForce RTX 2060 with Max-Q Design, 3262 MiB, 6144 MiB"
  },
  "instrument": "hannah",
  "model": "delaunay",
  "n_channels": 34,
  "configuration": {
    "pixel_scale_arcsec": 0.125,
    "mask_radius_arcsec": 2.3,
    "real_space_shape": [
      40,
      40
    ],
    "visibilities_per_channel": 16984,
    "hilbert_pixels": 500,
    "delaunay_vertices": 500,
    "edge_zeroed_pixels": 0,
    "regularization_coefficient": 1.0
  },
  "cube_log_evidence_eager": -6962381.549148887,
  "cube_log_evidence_jit": null,
  "log_evidence_per_channel_eager": [
    -204775.92791614364,
    -204775.92791614364,
    -204775.92791614364,
    -204775.92791614364,
    -204775.92791614364,
    -204775.92791614364,
    -204775.92791614364,
    -204775.92791614364,
    -204775.92791614364,
    -204775.92791614364,
    -204775.92791614364,
    -204775.92791614364,
    -204775.92791614364,
    -204775.92791614364,
    -204775.92791614364,
    -204775.92791614364,
    -204775.92791614364,
    -204775.92791614364,
    -204775.92791614364,
    -204775.92791614364,
    -204775.92791614364,
    -204775.92791614364,
    -204775.92791614364,
    -204775.92791614364,
    -204775.92791614364,
    -204775.92791614364,
    -204775.92791614364,
    -204775.92791614364,
    -204775.92791614364,
    -204775.92791614364,
    -204775.92791614364,
    -204775.92791614364,
    -204775.92791614364,
    -204775.92791614364
  ],
  "steps_cube_cost": {
    "Ray-trace data grid (shared)": 0.0015341500000431551,
    "Ray-trace mesh grid (shared)": 0.002824070000133361,
    "Inversion setup, incl. NUFFT (per channel \u00d7 34)": 12.62864413999705,
    "Data vector D (per channel \u00d7 34)": 0.0640400199979922,
    "Curvature matrix F (per channel \u00d7 34)": 3.063817519999793,
    "Regularization matrix H (shared)": 0.01505639999959385,
    "Reconstruction NNLS (per channel \u00d7 34)": 1.4284341799975664,
    "Mapped recon + log evidence (per channel \u00d7 34)": 0.8576520399954461
  },
  "per_channel_costs": {
    "inversion_setup": 0.37143070999991323,
    "data_vector": 0.0018835299999409472,
    "curvature_matrix": 0.09011227999999391,
    "reconstruction": 0.04201276999992842,
    "log_evidence": 0.025225059999866063
  },
  "total_step_by_step_cube": 18.06200251998762,
  "full_pipeline_cube_single_jit": NaN,
  "shared_lwl_savings_estimate": 2.973705239999799,
  "vmap": "SKIPPED \u2014 cube batching axis is 'datasets', not 'parameters'"
}