{
  "autolens_version": "2026.5.1.4",
  "type": "group",
  "configuration": {
    "imaging_grid_shape": [
      250,
      250
    ],
    "solver_grid_shape": [
      500,
      500
    ],
    "pixel_scales": 0.1,
    "n_lens_galaxies": 1,
    "n_extra_galaxies": 2,
    "over_sample_centres": [
      [
        0.0,
        0.0
      ],
      [
        3.5,
        2.5
      ],
      [
        -4.4,
        -5.0
      ]
    ]
  },
  "phases": {
    "setup_grids": 0.055977099999836355,
    "setup_psf_simulator": 0.0003896999999142281,
    "setup_galaxies": 6.91000000188069e-05,
    "setup_tracer": 1.1000000085914508e-05,
    "image_2d_eager": 3.9233341999999993,
    "image_2d_jit_lower": 0.4018514000001687,
    "image_2d_jit_compile": 1.229349700000057,
    "image_2d_jit_first_call": 0.1713961999998901,
    "image_2d_jit_steady_x10": 1.4892211999999745,
    "via_tracer_from": 4.295695600000045,
    "solver_build": 0.013308600000073056,
    "solver_solve_eager": 2.725221799999872,
    "solver_jit_lower": 5.559018399999786,
    "solver_jit_compile": 2.6591198999999506,
    "solver_jit_first_call": 1.239584799999875,
    "solver_jit_steady_x5": 6.7602032000002055,
    "output_fits": 0.012366299999939656,
    "output_json": 0.004129200000079436
  },
  "key_timings": {
    "image_2d_eager_s": 3.9233341999999993,
    "via_tracer_from_s": 4.295695600000045,
    "solver_solve_eager_s": 2.725221799999872,
    "n_positions_found": 4
  }
}