{
  "autolens_version": "2026.5.1.4",
  "type": "multi",
  "configuration": {
    "bands": [
      "g",
      "r"
    ],
    "grid_shape": [
      150,
      150
    ],
    "pixel_scales": [
      0.08,
      0.12
    ],
    "psf_sigmas": [
      0.1,
      0.2
    ]
  },
  "phases": {
    "setup_grids": 0.05679650000001857,
    "setup_psf_simulators": 0.0006468000001405017,
    "setup_galaxies": 9.449999993194069e-05,
    "setup_tracers": 1.5000000075815478e-05,
    "image_2d_eager_g": 1.4370073000000048,
    "image_2d_jit_g_lower": 0.4218089000000873,
    "image_2d_jit_g_compile": 0.500425899999982,
    "image_2d_jit_g_first_call": 0.04168759999993199,
    "image_2d_jit_g_steady_x10": 0.38056109999979526,
    "image_2d_eager_r": 1.336286699999846,
    "image_2d_jit_r_lower": 0.2667332000000897,
    "image_2d_jit_r_compile": 0.45554919999995036,
    "image_2d_jit_r_first_call": 0.029567700000143304,
    "image_2d_jit_r_steady_x10": 0.2889136999999664,
    "via_tracer_from_g": 1.6863003000000845,
    "via_tracer_from_r": 1.5805906000000505,
    "output_fits": 0.015929599999935817,
    "output_json": 0.0032042999998793675
  },
  "key_timings": {
    "via_tracer_from_g_s": 1.6863003000000845,
    "via_tracer_from_r_s": 1.5805906000000505
  }
}