{
  "autolens_version": "2026.5.1.4",
  "type": "point_source",
  "configuration": {
    "grid_shape": [
      200,
      200
    ],
    "pixel_scales": 0.05,
    "pixel_scale_precision": 0.001,
    "magnification_threshold": 0.1,
    "source_centre": [
      0.07,
      0.07
    ]
  },
  "phases": {
    "setup_grids": 0.002392500000041764,
    "setup_galaxies": 6.65000000026339e-05,
    "setup_tracer": 9.500000032858225e-06,
    "solver_build": 0.0002041999998709798,
    "solver_solve_eager": 0.3679933999999321,
    "solver_jit_lower": 2.7218758000001344,
    "solver_jit_compile": 2.6683069999999134,
    "solver_jit_first_call": 0.16315190000000257,
    "solver_jit_steady_x10": 1.5094332000001032,
    "time_delays_from": 0.0015201999999590043,
    "setup_psf_simulator": 0.0003847000000405387,
    "via_tracer_from": 3.1592118000000937,
    "output_point_datasets": 0.0010432999999920867,
    "output_fits": 0.010663400000112233,
    "output_json": 0.0016547000000173284
  },
  "key_timings": {
    "solver_solve_eager_s": 0.3679933999999321,
    "via_tracer_from_s": 3.1592118000000937,
    "time_delays_from_s": 0.0015201999999590043,
    "n_positions_found": 4
  }
}