{
  "n_channels": 4,
  "peak_channel": 1.5,
  "sigma_channel": 1.2,
  "peak_intensity": 0.6,
  "channel_intensities": [
    0.27470001706296854,
    0.5501132134392174,
    0.5501132134392174,
    0.27470001706296854
  ],
  "instrument": {
    "n_visibilities": 190,
    "uv_scale": 300000.0,
    "pixel_scale": 0.1,
    "shape_native": [
      256,
      256
    ],
    "noise_sigma": 1000.0,
    "uv_seed": 1,
    "noise_seed": 1
  }
}