{
  "config_name": "local_cpu_fp64",
  "use_mixed_precision": false,
  "autolens_version": "2026.5.8.2",
  "instrument": "hst",
  "configuration": {
    "pixel_scale_arcsec": 0.05,
    "mask_radius_arcsec": 3.5,
    "image_pixels_masked": 15361,
    "over_sampled_pixels": 17980,
    "linear_gaussians": 0
  },
  "device": {
    "backend": "cpu",
    "device": "cpu"
  },
  "log_likelihood": {
    "eager_numpy": -159736.35504220804,
    "step_by_step_jit": -159736.35504220804,
    "full_pipeline_jit": -159736.35504220793,
    "vmap_first_element": -159736.355042208
  },
  "steps": {
    "Ray-trace grids": 0.0029358899999806453,
    "Mapping matrix": 0.15586809000001267,
    "Blurred mapping matrix": 0.3403517600000214,
    "Data vector (D)": 0.00046917999998186133,
    "Curvature matrix (F)": 0.005527689999962604,
    "Reconstruction (NNLS)": 0.0008506399999987479,
    "Mapped reconstructed image": 0.00048670999999558264,
    "Chi-squared & log likelihood": 0.00028616999998121173
  },
  "total_step_by_step": 0.5067761299999347,
  "full_pipeline_per_call": 0.3082785000000058,
  "vmap": {
    "batch_size": 3,
    "batch_time": 0.7007651299999906,
    "per_call": 0.23358837666666354,
    "speedup_vs_single_jit": 1.32
  },
  "memory_mb": {
    "output": 2.288818359375e-05,
    "temp": 42.27388000488281
  }
}