{
  "config_name": "local_cpu_mp",
  "use_mixed_precision": true,
  "autolens_version": "2026.5.8.2",
  "instrument": "hst",
  "configuration": {
    "pixel_scale_arcsec": 0.05,
    "mask_radius_arcsec": 3.5,
    "image_pixels_masked": 15361,
    "over_sampled_pixels": 17980,
    "linear_gaussians": 0
  },
  "device": {
    "backend": "cpu",
    "device": "cpu"
  },
  "log_likelihood": {
    "eager_numpy": -159736.35504220804,
    "step_by_step_jit": -159736.35504220804,
    "full_pipeline_jit": -159736.362460121,
    "vmap_first_element": -159736.35937145964
  },
  "steps": {
    "Ray-trace grids": 0.003994999999986248,
    "Mapping matrix": 0.18811679999998887,
    "Blurred mapping matrix": 0.28807799000001066,
    "Data vector (D)": 0.0006640400000378577,
    "Curvature matrix (F)": 0.005379319999974541,
    "Reconstruction (NNLS)": 0.0007877799999732815,
    "Mapped reconstructed image": 0.00032731999999668915,
    "Chi-squared & log likelihood": 0.00034153999999944065
  },
  "total_step_by_step": 0.48768978999996754,
  "full_pipeline_per_call": 0.32217029999997066,
  "vmap": {
    "batch_size": 3,
    "batch_time": 0.6968236900000193,
    "per_call": 0.23227456333333976,
    "speedup_vs_single_jit": 1.39
  },
  "memory_mb": {
    "output": 2.288818359375e-05,
    "temp": 28.210952758789062
  }
}