{
  "configs": {
    "local_cpu_fp64": {
      "config_name": "local_cpu_fp64",
      "use_mixed_precision": false,
      "autolens_version": "2026.5.8.2",
      "instrument": "hst",
      "configuration": {
        "pixel_scale_arcsec": 0.05,
        "mask_radius_arcsec": 3.5,
        "image_pixels_masked": 15361,
        "over_sampled_pixels": 17980,
        "mesh_shape": [
          35,
          35
        ],
        "source_pixels": 1225
      },
      "device": {
        "backend": "cpu",
        "device": "cpu"
      },
      "log_likelihood": {
        "eager_numpy": 29347.372838338266,
        "eager_log_evidence": 25918.02569499014,
        "step_by_step_jit_log_evidence": 25918.025694990618,
        "full_pipeline_jit": 25918.025580278583,
        "vmap_first_element": 25918.025580278598
      },
      "steps": {
        "Ray-trace grids": 0.002930410000044503,
        "Lens light images (pre-PSF)": 2.0319999930507037e-05,
        "Blurred image (PSF convolution)": 0.006681989999924554,
        "Profile-subtracted image": 0.00010170000005018664,
        "Overlay grid (source pixel centres)": 0.00019904999990103534,
        "Inversion setup (steps 4-8 combined)": 1.2477099799998541,
        "Data vector (D)": 0.007006499999988591,
        "Curvature matrix (F)": 1.9133985000000393,
        "Regularization matrix (H)": 0.001709849999861035,
        "Regularized reconstruction": 0.42455511999996814,
        "Mapped recon + log evidence": 0.08852735000000393
      },
      "total_step_by_step": 3.6928407699995662,
      "full_pipeline_per_call": 3.2476435499998844,
      "vmap": {
        "batch_size": 3,
        "batch_time": 10.947844780000015,
        "per_call": 3.6492815933333382,
        "speedup_vs_single_jit": 0.89
      },
      "memory_mb": {
        "output": 2.288818359375e-05,
        "temp": 1826.9590606689453
      }
    },
    "local_cpu_mp": {
      "config_name": "local_cpu_mp",
      "use_mixed_precision": true,
      "autolens_version": "2026.5.8.2",
      "instrument": "hst",
      "configuration": {
        "pixel_scale_arcsec": 0.05,
        "mask_radius_arcsec": 3.5,
        "image_pixels_masked": 15361,
        "over_sampled_pixels": 17980,
        "mesh_shape": [
          35,
          35
        ],
        "source_pixels": 1225
      },
      "device": {
        "backend": "cpu",
        "device": "cpu"
      },
      "log_likelihood": {
        "eager_numpy": 29347.372848288476,
        "eager_log_evidence": 25918.025704152875,
        "step_by_step_jit_log_evidence": 25918.025704153377,
        "full_pipeline_jit": 25918.02577536884,
        "vmap_first_element": 25918.02577536884
      },
      "steps": {
        "Ray-trace grids": 0.002673589999903925,
        "Lens light images (pre-PSF)": 1.3940000098955351e-05,
        "Blurred image (PSF convolution)": 0.0059334100000342,
        "Profile-subtracted image": 0.00010557999994489364,
        "Overlay grid (source pixel centres)": 0.00017817999996623258,
        "Inversion setup (steps 4-8 combined)": 1.6978409100000136,
        "Data vector (D)": 0.007832149999921966,
        "Curvature matrix (F)": 2.6247592699999585,
        "Regularization matrix (H)": 0.0013842600001225946,
        "Regularized reconstruction": 0.6287846600000193,
        "Mapped recon + log evidence": 0.12412280999997165
      },
      "total_step_by_step": 5.093628759999956,
      "full_pipeline_per_call": 3.844066080000084,
      "vmap": {
        "batch_size": 3,
        "batch_time": 13.243540239999856,
        "per_call": 4.414513413333285,
        "speedup_vs_single_jit": 0.87
      },
      "memory_mb": {
        "output": 2.288818359375e-05,
        "temp": 1826.9590606689453
      }
    },
    "local_gpu_fp64": {
      "config_name": "local_gpu_fp64",
      "use_mixed_precision": false,
      "autolens_version": "2026.5.8.2",
      "instrument": "hst",
      "configuration": {
        "pixel_scale_arcsec": 0.05,
        "mask_radius_arcsec": 3.5,
        "image_pixels_masked": 15361,
        "over_sampled_pixels": 17980,
        "mesh_shape": [
          35,
          35
        ],
        "source_pixels": 1225
      },
      "device": {
        "backend": "gpu",
        "device": "cuda:0",
        "nvidia_smi": "NVIDIA GeForce RTX 2060 with Max-Q Design, 2698 MiB, 6144 MiB"
      },
      "log_likelihood": {
        "eager_numpy": 29347.372838338266,
        "eager_log_evidence": 25918.02569499014,
        "step_by_step_jit_log_evidence": 25918.025694988635,
        "full_pipeline_jit": 25918.025694989323,
        "vmap_first_element": 25918.025694989323
      },
      "steps": {
        "Ray-trace grids": 0.003143679999993765,
        "Lens light images (pre-PSF)": 0.0002552099998865742,
        "Blurred image (PSF convolution)": 0.004218460000083723,
        "Profile-subtracted image": 0.002202629999919736,
        "Overlay grid (source pixel centres)": 0.0028604499999346444,
        "Inversion setup (steps 4-8 combined)": 0.09103175000000192,
        "Data vector (D)": 0.0014752899998711655,
        "Curvature matrix (F)": 0.24050916000014694,
        "Regularization matrix (H)": 0.0002016399999774876,
        "Regularized reconstruction": 0.1246430799999871,
        "Mapped recon + log evidence": 0.03262675999994826
      },
      "total_step_by_step": 0.5031681099997513,
      "full_pipeline_per_call": 0.4493673499999204,
      "vmap": {
        "batch_size": 3,
        "batch_time": 1.4373041299999385,
        "per_call": 0.47910137666664615,
        "speedup_vs_single_jit": 0.94
      },
      "memory_mb": {
        "output": 2.288818359375e-05,
        "temp": 1826.9657669067383
      }
    },
    "local_gpu_mp": {
      "config_name": "local_gpu_mp",
      "use_mixed_precision": true,
      "autolens_version": "2026.5.8.2",
      "instrument": "hst",
      "configuration": {
        "pixel_scale_arcsec": 0.05,
        "mask_radius_arcsec": 3.5,
        "image_pixels_masked": 15361,
        "over_sampled_pixels": 17980,
        "mesh_shape": [
          35,
          35
        ],
        "source_pixels": 1225
      },
      "device": {
        "backend": "gpu",
        "device": "cuda:0",
        "nvidia_smi": "NVIDIA GeForce RTX 2060 with Max-Q Design, 2690 MiB, 6144 MiB"
      },
      "log_likelihood": {
        "eager_numpy": 29347.372848288476,
        "eager_log_evidence": 25918.025704152875,
        "step_by_step_jit_log_evidence": 25918.02570415137,
        "full_pipeline_jit": 25918.025010581532,
        "vmap_first_element": 25918.025010581536
      },
      "steps": {
        "Ray-trace grids": 0.002861290000146255,
        "Lens light images (pre-PSF)": 0.00021182999989832751,
        "Blurred image (PSF convolution)": 0.0041923000000679165,
        "Profile-subtracted image": 0.0020932599998559455,
        "Overlay grid (source pixel centres)": 0.002884230000017851,
        "Inversion setup (steps 4-8 combined)": 0.057945069999914264,
        "Data vector (D)": 0.0013954199999716365,
        "Curvature matrix (F)": 0.24336511000001337,
        "Regularization matrix (H)": 0.00021464000001287787,
        "Regularized reconstruction": 0.12440477000000101,
        "Mapped recon + log evidence": 0.032727950000116836
      },
      "total_step_by_step": 0.47229587000001627,
      "full_pipeline_per_call": 0.41793566000014837,
      "vmap": {
        "batch_size": 3,
        "batch_time": 1.3283139099999972,
        "per_call": 0.4427713033333324,
        "speedup_vs_single_jit": 0.94
      },
      "memory_mb": {
        "output": 2.288818359375e-05,
        "temp": 1826.9657669067383
      }
    },
    "hpc_a100_fp64": {
      "config_name": "hpc_a100_fp64",
      "use_mixed_precision": false,
      "autolens_version": "2026.5.1.4",
      "instrument": "hst",
      "configuration": {
        "pixel_scale_arcsec": 0.05,
        "mask_radius_arcsec": 3.5,
        "image_pixels_masked": 15361,
        "over_sampled_pixels": 17980,