{
  "configs": {
    "local_cpu_fp64": {
      "config_name": "local_cpu_fp64",
      "use_mixed_precision": false,
      "autolens_version": "2026.5.8.2",
      "instrument": "hst",
      "configuration": {
        "pixel_scale_arcsec": 0.05,
        "mask_radius_arcsec": 3.5,
        "image_pixels_masked": 15361,
        "over_sampled_pixels": 17980,
        "mesh_shape": [
          35,
          35
        ],
        "source_pixels": 1225
      },
      "device": {
        "backend": "cpu",
        "device": "cpu"
      },
      "log_likelihood": {
        "eager_numpy": 28178.268780935967,
        "eager_log_evidence": 24746.105672366088,
        "step_by_step_jit_log_evidence": -Infinity,
        "full_pipeline_jit": 24746.10509018222,
        "vmap_first_element": 24746.105090182216
      },
      "steps": {
        "Ray-trace grids": 0.00487463999997999,
        "Lens light images (pre-PSF)": 3.441999997448875e-05,
        "Blurred image (PSF convolution)": 0.0015754299998661735,
        "Profile-subtracted image": 0.00010298000015609431,
        "Overlay grid (source pixel centres)": 0.0002865200000087498,
        "Inversion setup (steps 4-8 combined)": 1.702596110000013,
        "Data vector (D)": 0.007640420000097947,
        "Curvature matrix (F)": 2.3124587400001473,
        "Regularization matrix (H)": 0.018588300001283642,
        "Regularized reconstruction": 0.6890678199999456,
        "Mapped recon + log evidence": 0.1251859500000137
      },
      "total_step_by_step": 4.862411330001487,
      "full_pipeline_per_call": 4.443363839999984,
      "vmap": {
        "batch_size": 3,
        "batch_time": 14.974339860000146,
        "per_call": 4.9914466200000485,
        "speedup_vs_single_jit": 0.89
      },
      "memory_mb": {
        "output": 2.288818359375e-05,
        "temp": 1826.9699249267578
      }
    },
    "local_cpu_mp": {
      "config_name": "local_cpu_mp",
      "use_mixed_precision": true,
      "autolens_version": "2026.5.8.2",
      "instrument": "hst",
      "configuration": {
        "pixel_scale_arcsec": 0.05,
        "mask_radius_arcsec": 3.5,
        "image_pixels_masked": 15361,
        "over_sampled_pixels": 17980,
        "mesh_shape": [
          35,
          35
        ],
        "source_pixels": 1225
      },
      "device": {
        "backend": "cpu",
        "device": "cpu"
      },
      "log_likelihood": {
        "eager_numpy": 28178.268788181376,
        "eager_log_evidence": 24746.105678802393,
        "step_by_step_jit_log_evidence": -Infinity,
        "full_pipeline_jit": 24746.104526687206,
        "vmap_first_element": 24746.10446745667
      },
      "steps": {
        "Ray-trace grids": 0.0022754099998564927,
        "Lens light images (pre-PSF)": 2.0479999875533395e-05,
        "Blurred image (PSF convolution)": 0.001001629999882425,
        "Profile-subtracted image": 5.7420000121055634e-05,
        "Overlay grid (source pixel centres)": 0.00019153000012011033,
        "Inversion setup (steps 4-8 combined)": 1.291938129999835,
        "Data vector (D)": 0.006565409999893745,
        "Curvature matrix (F)": 2.0814974700000675,
        "Regularization matrix (H)": 0.015459199999895645,
        "Regularized reconstruction": 0.6156882200000837,
        "Mapped recon + log evidence": 0.11441684000001259
      },
      "total_step_by_step": 4.129111739999644,
      "full_pipeline_per_call": 3.80257117000001,
      "vmap": {
        "batch_size": 3,
        "batch_time": 12.924426940000012,
        "per_call": 4.308142313333337,
        "speedup_vs_single_jit": 0.88
      },
      "memory_mb": {
        "output": 2.288818359375e-05,
        "temp": 1826.9699249267578
      }
    },
    "local_gpu_fp64": {
      "config_name": "local_gpu_fp64",
      "use_mixed_precision": false,
      "autolens_version": "2026.5.8.2",
      "instrument": "hst",
      "configuration": {
        "pixel_scale_arcsec": 0.05,
        "mask_radius_arcsec": 3.5,
        "image_pixels_masked": 15361,
        "over_sampled_pixels": 17980,
        "mesh_shape": [
          35,
          35
        ],
        "source_pixels": 1225
      },
      "device": {
        "backend": "gpu",
        "device": "cuda:0",
        "nvidia_smi": "NVIDIA GeForce RTX 2060 with Max-Q Design, 2680 MiB, 6144 MiB"
      },
      "log_likelihood": {
        "eager_numpy": 28178.268780935967,
        "eager_log_evidence": 24746.105672366088,
        "step_by_step_jit_log_evidence": -Infinity,
        "full_pipeline_jit": 24746.105672365295,
        "vmap_first_element": 24746.105672365287
      },
      "steps": {
        "Ray-trace grids": 0.0030263399999967077,
        "Lens light images (pre-PSF)": 0.00028970000003027965,
        "Blurred image (PSF convolution)": 0.003853309999976773,
        "Profile-subtracted image": 0.00206118999994942,
        "Overlay grid (source pixel centres)": 0.00287705000009737,
        "Inversion setup (steps 4-8 combined)": 0.1001352000001134,
        "Data vector (D)": 0.001508569999896281,
        "Curvature matrix (F)": 0.2727796099999978,
        "Regularization matrix (H)": 0.019558399999368703,
        "Regularized reconstruction": 0.17574736000005942,
        "Mapped recon + log evidence": 0.03767788000004657
      },
      "total_step_by_step": 0.6195146099995328,
      "full_pipeline_per_call": 0.5371720399998594,
      "vmap": {
        "batch_size": 3,
        "batch_time": 1.7000416400000176,
        "per_call": 0.5666805466666726,
        "speedup_vs_single_jit": 0.95
      },
      "memory_mb": {
        "output": 2.288818359375e-05,
        "temp": 2248.6487731933594
      }
    },
    "local_gpu_mp": {
      "config_name": "local_gpu_mp",
      "use_mixed_precision": true,
      "autolens_version": "2026.5.8.2",
      "instrument": "hst",
      "configuration": {
        "pixel_scale_arcsec": 0.05,
        "mask_radius_arcsec": 3.5,
        "image_pixels_masked": 15361,
        "over_sampled_pixels": 17980,
        "mesh_shape": [
          35,
          35
        ],
        "source_pixels": 1225
      },
      "device": {
        "backend": "gpu",
        "device": "cuda:0",
        "nvidia_smi": "NVIDIA GeForce RTX 2060 with Max-Q Design, 2672 MiB, 6144 MiB"
      },
      "log_likelihood": {
        "eager_numpy": 28178.268788181376,
        "eager_log_evidence": 24746.105678802393,
        "step_by_step_jit_log_evidence": -Infinity,
        "full_pipeline_jit": 24746.10561256677,
        "vmap_first_element": 24746.105612566793
      },
      "steps": {
        "Ray-trace grids": 0.0031221900000673484,
        "Lens light images (pre-PSF)": 0.0003338299999086303,
        "Blurred image (PSF convolution)": 0.0040403700000752,
        "Profile-subtracted image": 0.0018310100000235251,
        "Overlay grid (source pixel centres)": 0.002879610000127286,
        "Inversion setup (steps 4-8 combined)": 0.06517969999986235,
        "Data vector (D)": 0.0017516800000521471,
        "Curvature matrix (F)": 0.2717139500000485,
        "Regularization matrix (H)": 0.017053899999154964,
        "Regularized reconstruction": 0.1739942099999098,
        "Mapped recon + log evidence": 0.037482549999913316
      },
      "total_step_by_step": 0.579382999999143,
      "full_pipeline_per_call": 0.49468415999999704,
      "vmap": {
        "batch_size": 3,
        "batch_time": 1.5837716199999705,
        "per_call": 0.5279238733333235,
        "speedup_vs_single_jit": 0.94
      },
      "memory_mb": {
        "output": 2.288818359375e-05,
        "temp": 2257.680389404297
      }
    },
    "hpc_a100_fp64": {
      "config_name": "hpc_a100_fp64",
      "use_mixed_precision": false,
      "autolens_version": "2026.5.1.4",
      "instrument": "hst",
      "configuration": {
        "pixel_scale_arcsec": 0.05,
        "mask_radius_arcsec": 3.5,
        "image_pixels_masked": 15361,
        "over_sampled_pixels": 17980,
        "mesh_shape": [
          35,
          35
        ],