{
  "config_name": "hpc_a100_mp",
  "use_mixed_precision": true,
  "autolens_version": "2026.5.1.4",
  "instrument": "hst",
  "configuration": {
    "pixel_scale_arcsec": 0.05,
    "mask_radius_arcsec": 3.5,
    "image_pixels_masked": 15361,
    "over_sampled_pixels": 17980,
    "mesh_shape": [
      35,
      35
    ],
    "source_pixels": 1225
  },
  "device": {
    "backend": "gpu",
    "device": "cuda:0",
    "nvidia_smi": "NVIDIA A100 80GB PCIe, 19758 MiB, 81920 MiB"
  },
  "log_likelihood": {
    "eager_numpy": 29347.372848288476,
    "eager_log_evidence": 25918.025704152875,
    "step_by_step_jit_log_evidence": 25918.546875,
    "full_pipeline_jit": 25918.390625,
    "vmap_first_element": 25918.412109375
  },
  "steps": {
    "Ray-trace grids": 0.0002187595993746072,
    "Lens light images (pre-PSF)": 0.00018452390213496983,
    "Blurred image (PSF convolution)": 0.0004006874980404973,
    "Profile-subtracted image": 0.00020433879690244793,
    "Overlay grid (source pixel centres)": 0.0001964877999853343,
    "Inversion setup (steps 4-8 combined)": 0.0036595976969692858,
    "Data vector (D)": 0.00028028630185872316,
    "Curvature matrix (F)": 0.001067714497912675,
    "Regularization matrix (H)": 0.0002155556983780116,
    "Regularized reconstruction": 0.010230918595334515,
    "Mapped recon + log evidence": 0.006853985204361379
  },
  "total_step_by_step": 0.023512855591252445,
  "full_pipeline_per_call": 0.014946901996154338,
  "vmap": {
    "batch_size": 3,
    "batch_time": 0.06441775750136003,
    "per_call": 0.021472585833786677,
    "speedup_vs_single_jit": 0.7
  },
  "memory_mb": {
    "output": 1.1444091796875e-05,
    "temp": 913.4853057861328
  }
}