{
  "config_name": "hpc_a100_fp64",
  "use_mixed_precision": false,
  "autolens_version": "2026.5.1.4",
  "instrument": "hst",
  "configuration": {
    "pixel_scale_arcsec": 0.05,
    "mask_radius_arcsec": 3.5,
    "image_pixels_masked": 15361,
    "over_sampled_pixels": 17980,
    "mesh_shape": [
      35,
      35
    ],
    "source_pixels": 1225
  },
  "device": {
    "backend": "gpu",
    "device": "cuda:0",
    "nvidia_smi": "NVIDIA A100 80GB PCIe, 19758 MiB, 81920 MiB"
  },
  "log_likelihood": {
    "eager_numpy": 29347.372838338266,
    "eager_log_evidence": 25918.02569499014,
    "step_by_step_jit_log_evidence": 25918.546875,
    "full_pipeline_jit": 25918.390625,
    "vmap_first_element": 25918.412109375
  },
  "steps": {
    "Ray-trace grids": 0.00022878479794599115,
    "Lens light images (pre-PSF)": 0.00018686099792830646,
    "Blurred image (PSF convolution)": 0.0003950939979404211,
    "Profile-subtracted image": 0.00021047809859737755,
    "Overlay grid (source pixel centres)": 0.0002042128995526582,
    "Inversion setup (steps 4-8 combined)": 0.0037356953020207585,
    "Data vector (D)": 0.0002572037978097796,
    "Curvature matrix (F)": 0.001071167696500197,
    "Regularization matrix (H)": 0.0002164468984119594,
    "Regularized reconstruction": 0.01043451470322907,
    "Mapped recon + log evidence": 0.007009104901226237
  },
  "total_step_by_step": 0.023949564091162754,
  "full_pipeline_per_call": 0.015341600001556798,
  "vmap": {
    "batch_size": 3,
    "batch_time": 0.06409233059966937,
    "per_call": 0.02136411019988979,
    "speedup_vs_single_jit": 0.72
  },
  "memory_mb": {
    "output": 1.1444091796875e-05,
    "temp": 913.4853057861328
  }
}