{
  "config_name": "local_cpu_mp",
  "use_mixed_precision": true,
  "autolens_version": "2026.5.8.2",
  "instrument": "hst",
  "configuration": {
    "pixel_scale_arcsec": 0.05,
    "mask_radius_arcsec": 3.5,
    "image_pixels_masked": 15361,
    "over_sampled_pixels": 17980,
    "mesh_shape": [
      35,
      35
    ],
    "source_pixels": 1225
  },
  "device": {
    "backend": "cpu",
    "device": "cpu"
  },
  "log_likelihood": {
    "eager_numpy": 29347.372848288476,
    "eager_log_evidence": 25918.025704152875,
    "step_by_step_jit_log_evidence": 25918.025704153377,
    "full_pipeline_jit": 25918.02577536884,
    "vmap_first_element": 25918.02577536884
  },
  "steps": {
    "Ray-trace grids": 0.002673589999903925,
    "Lens light images (pre-PSF)": 1.3940000098955351e-05,
    "Blurred image (PSF convolution)": 0.0059334100000342,
    "Profile-subtracted image": 0.00010557999994489364,
    "Overlay grid (source pixel centres)": 0.00017817999996623258,
    "Inversion setup (steps 4-8 combined)": 1.6978409100000136,
    "Data vector (D)": 0.007832149999921966,
    "Curvature matrix (F)": 2.6247592699999585,
    "Regularization matrix (H)": 0.0013842600001225946,
    "Regularized reconstruction": 0.6287846600000193,
    "Mapped recon + log evidence": 0.12412280999997165
  },
  "total_step_by_step": 5.093628759999956,
  "full_pipeline_per_call": 3.844066080000084,
  "vmap": {
    "batch_size": 3,
    "batch_time": 13.243540239999856,
    "per_call": 4.414513413333285,
    "speedup_vs_single_jit": 0.87
  },
  "memory_mb": {
    "output": 2.288818359375e-05,
    "temp": 1826.9590606689453
  }
}