{
  "config_name": "local_gpu_mp",
  "use_mixed_precision": true,
  "autolens_version": "2026.5.8.2",
  "instrument": "hst",
  "configuration": {
    "pixel_scale_arcsec": 0.05,
    "mask_radius_arcsec": 3.5,
    "image_pixels_masked": 15361,
    "over_sampled_pixels": 17980,
    "mesh_shape": [
      35,
      35
    ],
    "source_pixels": 1225
  },
  "device": {
    "backend": "gpu",
    "device": "cuda:0",
    "nvidia_smi": "NVIDIA GeForce RTX 2060 with Max-Q Design, 2672 MiB, 6144 MiB"
  },
  "log_likelihood": {
    "eager_numpy": 28178.268788181376,
    "eager_log_evidence": 24746.105678802393,
    "step_by_step_jit_log_evidence": -Infinity,
    "full_pipeline_jit": 24746.10561256677,
    "vmap_first_element": 24746.105612566793
  },
  "steps": {
    "Ray-trace grids": 0.0031221900000673484,
    "Lens light images (pre-PSF)": 0.0003338299999086303,
    "Blurred image (PSF convolution)": 0.0040403700000752,
    "Profile-subtracted image": 0.0018310100000235251,
    "Overlay grid (source pixel centres)": 0.002879610000127286,
    "Inversion setup (steps 4-8 combined)": 0.06517969999986235,
    "Data vector (D)": 0.0017516800000521471,
    "Curvature matrix (F)": 0.2717139500000485,
    "Regularization matrix (H)": 0.017053899999154964,
    "Regularized reconstruction": 0.1739942099999098,
    "Mapped recon + log evidence": 0.037482549999913316
  },
  "total_step_by_step": 0.579382999999143,
  "full_pipeline_per_call": 0.49468415999999704,
  "vmap": {
    "batch_size": 3,
    "batch_time": 1.5837716199999705,
    "per_call": 0.5279238733333235,
    "speedup_vs_single_jit": 0.94
  },
  "memory_mb": {
    "output": 2.288818359375e-05,
    "temp": 2257.680389404297
  }
}