{
  "config_name": "local_gpu_fp64",
  "use_mixed_precision": false,
  "autolens_version": "2026.5.8.2",
  "instrument": "hst",
  "configuration": {
    "pixel_scale_arcsec": 0.05,
    "mask_radius_arcsec": 3.5,
    "image_pixels_masked": 15361,
    "over_sampled_pixels": 17980,
    "mesh_shape": [
      35,
      35
    ],
    "source_pixels": 1225
  },
  "device": {
    "backend": "gpu",
    "device": "cuda:0",
    "nvidia_smi": "NVIDIA GeForce RTX 2060 with Max-Q Design, 2698 MiB, 6144 MiB"
  },
  "log_likelihood": {
    "eager_numpy": 29347.372838338266,
    "eager_log_evidence": 25918.02569499014,
    "step_by_step_jit_log_evidence": 25918.025694988635,
    "full_pipeline_jit": 25918.025694989323,
    "vmap_first_element": 25918.025694989323
  },
  "steps": {
    "Ray-trace grids": 0.003143679999993765,
    "Lens light images (pre-PSF)": 0.0002552099998865742,
    "Blurred image (PSF convolution)": 0.004218460000083723,
    "Profile-subtracted image": 0.002202629999919736,
    "Overlay grid (source pixel centres)": 0.0028604499999346444,
    "Inversion setup (steps 4-8 combined)": 0.09103175000000192,
    "Data vector (D)": 0.0014752899998711655,
    "Curvature matrix (F)": 0.24050916000014694,
    "Regularization matrix (H)": 0.0002016399999774876,
    "Regularized reconstruction": 0.1246430799999871,
    "Mapped recon + log evidence": 0.03262675999994826
  },
  "total_step_by_step": 0.5031681099997513,
  "full_pipeline_per_call": 0.4493673499999204,
  "vmap": {
    "batch_size": 3,
    "batch_time": 1.4373041299999385,
    "per_call": 0.47910137666664615,
    "speedup_vs_single_jit": 0.94
  },
  "memory_mb": {
    "output": 2.288818359375e-05,
    "temp": 1826.9657669067383
  }
}