{
  "config_name": "local_gpu_fp64",
  "use_mixed_precision": false,
  "autolens_version": "2026.5.8.2",
  "instrument": "hst",
  "configuration": {
    "pixel_scale_arcsec": 0.05,
    "mask_radius_arcsec": 3.5,
    "image_pixels_masked": 15361,
    "over_sampled_pixels": 17980,
    "mesh_shape": [
      35,
      35
    ],
    "source_pixels": 1225
  },
  "device": {
    "backend": "gpu",
    "device": "cuda:0",
    "nvidia_smi": "NVIDIA GeForce RTX 2060 with Max-Q Design, 2680 MiB, 6144 MiB"
  },
  "log_likelihood": {
    "eager_numpy": 28178.268780935967,
    "eager_log_evidence": 24746.105672366088,
    "step_by_step_jit_log_evidence": -Infinity,
    "full_pipeline_jit": 24746.105672365295,
    "vmap_first_element": 24746.105672365287
  },
  "steps": {
    "Ray-trace grids": 0.0030263399999967077,
    "Lens light images (pre-PSF)": 0.00028970000003027965,
    "Blurred image (PSF convolution)": 0.003853309999976773,
    "Profile-subtracted image": 0.00206118999994942,
    "Overlay grid (source pixel centres)": 0.00287705000009737,
    "Inversion setup (steps 4-8 combined)": 0.1001352000001134,
    "Data vector (D)": 0.001508569999896281,
    "Curvature matrix (F)": 0.2727796099999978,
    "Regularization matrix (H)": 0.019558399999368703,
    "Regularized reconstruction": 0.17574736000005942,
    "Mapped recon + log evidence": 0.03767788000004657
  },
  "total_step_by_step": 0.6195146099995328,
  "full_pipeline_per_call": 0.5371720399998594,
  "vmap": {
    "batch_size": 3,
    "batch_time": 1.7000416400000176,
    "per_call": 0.5666805466666726,
    "speedup_vs_single_jit": 0.95
  },
  "memory_mb": {
    "output": 2.288818359375e-05,
    "temp": 2248.6487731933594
  }
}