{
  "autolens_version": "2026.4.13.6",
  "instrument": "hst",
  "configuration": {
    "pixel_scale_arcsec": 0.05,
    "mask_radius_arcsec": 3.5,
    "image_pixels_masked": 15361,
    "over_sampled_pixels": 17980,
    "delaunay_vertices": 570,
    "edge_zeroed_pixels": 30
  },
  "steps": {
    "Ray-trace data grid": 0.0019454499999483233,
    "Ray-trace mesh grid": 0.0003476399999271962,
    "Lens light images (pre-PSF)": 1.7949999892152847e-05,
    "Blurred image (PSF convolution)": 0.003285850000065693,
    "Profile-subtracted image": 0.00013513000012608246,
    "Inversion setup (steps 5-8 combined)": 0.5005794599999718,
    "Data vector (D)": 0.005242539999926521,
    "Curvature matrix (F)": 0.49799258999992163,
    "Regularization matrix (H)": 4.979925899999216,
    "Regularized reconstruction": 0.006354800000008254,
    "Mapped recon + log evidence": 0.014510169999994105
  },
  "total_step_by_step": 6.010337479998998,
  "full_pipeline_single_jit": 0.9340782200000831,
  "vmap": "SKIPPED \u2014 compilation takes 20+ minutes (set DELAUNAY_VMAP=1)"
}