{
  "autolens_version": "2026.4.13.6",
  "instrument": "hst",
  "configuration": {
    "pixel_scale_arcsec": 0.05,
    "mask_radius_arcsec": 3.5,
    "image_pixels_masked": 15361,
    "over_sampled_pixels": 17980,
    "delaunay_vertices": 570,
    "edge_zeroed_pixels": 30
  },
  "steps": {
    "Ray-trace data grid": 0.0013823399996908848,
    "Ray-trace mesh grid": 0.0002889700001105666,
    "Lens light images (pre-PSF)": 1.7610000213608146e-05,
    "Blurred image (PSF convolution)": 0.0021687100001145155,
    "Profile-subtracted image": 0.00015843000001041218,
    "Inversion setup (steps 5-8 combined)": 0.471926290000556,
    "Data vector (D)": 0.00586674000005587,
    "Curvature matrix (F)": 0.3912425200003781,
    "Regularization matrix (H)": 0.014532000001054257,
    "Regularized reconstruction": 0.004633349999494385,
    "Mapped recon + log evidence": 0.01268052000013995
  },
  "total_step_by_step": 0.9048974800018187,
  "full_pipeline_single_jit": 0.8923132500000065,
  "vmap": "SKIPPED \u2014 compilation takes 20+ minutes (set DELAUNAY_VMAP=1)"
}