{
  "autolens_version": "2026.4.13.6",
  "instrument": "hst",
  "configuration": {
    "pixel_scale_arcsec": 0.05,
    "mask_radius_arcsec": 3.5,
    "image_pixels_masked": 15361,
    "over_sampled_pixels": 17980,
    "linear_gaussians": 0
  },
  "steps": {
    "Ray-trace grids": 0.0023546499999952176,
    "Mapping matrix": 0.07607005999999501,
    "Blurred mapping matrix": 0.12626386999999112,
    "Data vector (D)": 0.0005799300000035145,
    "Curvature matrix (F)": 0.004657930000007582,
    "Reconstruction (NNLS)": 0.0007331899999940105,
    "Mapped reconstructed image": 0.0003503599999930884,
    "Chi-squared & log likelihood": 0.00038736000000199055
  },
  "total_step_by_step": 0.21139734999998153,
  "full_pipeline_single_jit": 0.13068367000000763,
  "vmap": {
    "batch_size": 3,
    "batch_time": 0.41656064000000015,
    "per_call": 0.13885354666666672,
    "speedup_vs_single_jit": 0.9
  }
}