{
  "autolens_version": "2026.4.13.6",
  "instrument": "hst",
  "configuration": {
    "pixel_scale_arcsec": 0.05,
    "mask_radius_arcsec": 3.5,
    "image_pixels_masked": 15361,
    "over_sampled_pixels": 17980,
    "mesh_shape": [
      28,
      28
    ],
    "source_pixels": 784
  },
  "steps": {
    "Ray-trace grids": 0.0015377100000023348,
    "Lens light images (pre-PSF)": 1.1920000002874075e-05,
    "Blurred image (PSF convolution)": 0.002592010000000755,
    "Profile-subtracted image": 0.000127330000003667,
    "Overlay grid (source pixel centres)": 0.00020206000000371204,
    "Inversion setup (steps 4-8 combined)": 0.5582707800000037,
    "Data vector (D)": 0.0064621499999987005,
    "Curvature matrix (F)": 0.6720524699999999,
    "Regularization matrix (H)": 0.0003272600000002512,
    "Regularized reconstruction": 0.1517236099999991,
    "Mapped recon + log evidence": 0.021644540000005465
  },
  "total_step_by_step": 1.4149518400000203,
  "full_pipeline_single_jit": 1.405020460000003,
  "vmap": {
    "batch_size": 3,
    "batch_time": 5.207835359999995,
    "per_call": 1.7359451199999985,
    "speedup_vs_single_jit": 0.8
  }
}