{
  "autolens_version": "2026.4.13.6",
  "instrument": "hst",
  "configuration": {
    "pixel_scale_arcsec": 0.05,
    "mask_radius_arcsec": 3.5,
    "image_pixels_masked": 15361,
    "over_sampled_pixels": 17980,
    "mesh_shape": [
      28,
      28
    ],
    "source_pixels": 784
  },
  "steps": {
    "Ray-trace grids": 0.001854490000005171,
    "Lens light images (pre-PSF)": 1.571000002513756e-05,
    "Blurred image (PSF convolution)": 0.002919759999986127,
    "Profile-subtracted image": 0.00017146000000138882,
    "Overlay grid (source pixel centres)": 0.0002761300000202027,
    "Inversion setup (steps 4-8 combined)": 0.7051545899999837,
    "Data vector (D)": 0.008302300000013928,
    "Curvature matrix (F)": 0.8530536899999788,
    "Regularization matrix (H)": 0.000396069999987958,
    "Regularized reconstruction": 0.2115418399999726,
    "Mapped recon + log evidence": 0.028693850000036037
  },
  "total_step_by_step": 1.812379890000011,
  "full_pipeline_single_jit": 1.7168325099999493,
  "vmap": {
    "batch_size": 3,
    "batch_time": 5.251558490000025,
    "per_call": 1.7505194966666748,
    "speedup_vs_single_jit": 1.0
  }
}