{
  "instrument": "hst",
  "pixel_scale": 0.05,
  "mesh_shape": [
    28,
    28
  ],
  "sweep_n": 41,
  "sweep_rel": 0.05,
  "results": [
    {
      "name": "RectangularUniform",
      "log_evidence_eager": 14310.719914474797,
      "log_likelihood_jit": 15271.914466703001,
      "log_likelihood_jit_steady_ms": 1446.873426437378,
      "grad_jit_steady_ms": 6171.135187149048,
      "grad_abs_sum": NaN,
      "grad_finite": false,
      "sweep_theta": [
        1.52,
        1.524,
        1.528,
        1.532,
        1.536,
        1.54,
        1.544,
        1.548,
        1.552,
        1.556,
        1.56,
        1.564,
        1.568,
        1.572,
        1.576,
        1.58,
        1.584,
        1.588,
        1.592,
        1.596,
        1.6,
        1.604,
        1.608,
        1.612,
        1.616,
        1.62,
        1.624,
        1.6280000000000001,
        1.6320000000000001,
        1.6360000000000001,
        1.6400000000000001,
        1.6440000000000001,
        1.6480000000000001,
        1.6520000000000001,
        1.6560000000000001,
        1.6600000000000001,
        1.6640000000000001,
        1.6680000000000001,
        1.6720000000000002,
        1.6760000000000002,
        1.6800000000000002
      ],
      "sweep_log_L": [
        -40602.622566989296,
        -36630.64092341213,
        -32592.57618253577,
        -28504.412944802745,
        -24394.89820280204,
        -20331.77087646703,
        -16317.05839245356,
        -12418.59910735453,
        -8628.750988071915,
        -5018.5518062633855,
        -1635.4354241245164,
        1490.568512054313,
        4339.98799743483,
        6924.205213064277,
        9227.258309757253,
        11197.69770672825,
        12829.126675656807,
        14072.41092822832,
        14893.735787119338,
        15305.92445795477,
        15271.914466703005,
        14776.582455574451,
        13832.22880568789,
        12440.44867934685,
        10664.060164171697,
        8536.109640577233,
        6073.828821520357,
        3240.6255362123993,
        49.9211705458074,
        -3481.2616173732968,
        -7273.328880583344,
        -11259.987498371316,
        -15430.388179199996,
        -19785.766469493974,
        -24290.09682432752,
        -28851.054540156874,
        -33502.47348907973,
        -38198.47655425137,
        -42911.19540851228,
        -47635.69740333998,
        -52369.34211622252
      ],
      "fd1_roughness": 144090.77089294736,
      "fd2_sup": 28832626.24229923,
      "fd2_std": 9905677.113971427
    },
    {
      "name": "RectangularAdaptDensity",
      "log_evidence_eager": 26232.068573757562,
      "log_likelihood_jit": 26701.20299262025,
      "log_likelihood_jit_steady_ms": 1766.6208744049072,
      "grad_jit_steady_ms": 7038.437366485596,
      "grad_abs_sum": NaN,
      "grad_finite": false,
      "sweep_theta": [
        1.52,
        1.524,
        1.528,
        1.532,
        1.536,
        1.54,
        1.544,
        1.548,
        1.552,
        1.556,
        1.56,
        1.564,
        1.568,
        1.572,
        1.576,
        1.58,
        1.584,
        1.588,
        1.592,
        1.596,
        1.6,
        1.604,
        1.608,
        1.612,
        1.616,
        1.62,
        1.624,
        1.6280000000000001,
        1.6320000000000001,
        1.6360000000000001,
        1.6400000000000001,
        1.6440000000000001,
        1.6480000000000001,
        1.6520000000000001,
        1.6560000000000001,
        1.6600000000000001,
        1.6640000000000001,
        1.6680000000000001,
        1.6720000000000002,
        1.6760000000000002,
        1.6800000000000002
      ],
      "sweep_log_L": [
        -22186.15425323203,
        -17047.204007423104,
        -14628.536693547452,
        -10429.639258247269,
        -7703.63801171245,
        -3587.1573893096356,
        -876.0854289807903,
        2514.072544692928,
        4824.799020686158,
        9065.580977183938,
        12424.81909317018,
        14580.45117315396,
        16722.11479962473,
        19681.11896353064,
        20980.45123139921,
        23131.264555615282,
        24553.880605723352,
        25761.487899842257,
        26482.900426544307,
        26817.54377337615,
        26701.20299262025,
        26052.040057847065,
        24711.2208327446,
        23550.761040340913,
        22341.33541346041,
        20422.528208251337,
        18518.670830750973,
        16282.859568112355,
        13965.27318235677,
        10465.397145463281,
        8561.571003413792,
        4906.800222035257,
        3113.4792011263635,
        -1695.392236513806,
        -6235.220087026399,
        -13774.576696879543,
        -16789.164521801293,
        -21949.8428266266,
        -24747.660305792357,
        -30423.225064368606,
        -34005.80443848762
      ],
      "fd1_roughness": 162084.05261074426,
      "fd2_sup": 282798049.0582117,
      "fd2_std": 100563646.61958013
    },
    {
      "name": "RectangularSplineAdaptDensity",
      "log_evidence_eager": 26239.60838938448,
      "log_likelihood_jit": 26543.169988222628,
      "log_likelihood_jit_steady_ms": 1923.4933853149414,
      "grad_jit_steady_ms": 5989.2542362213135,
      "grad_abs_sum": NaN,
      "grad_finite": false,
      "sweep_theta": [
        1.52,
        1.524,
        1.528,
        1.532,
        1.536,
        1.54,
        1.544,
        1.548,
        1.552,
        1.556,
        1.56,
        1.564,
        1.568,
        1.572,
        1.576,
        1.58,
        1.584,
        1.588,
        1.592,
        1.596,
        1.6,
        1.604,
        1.608,
        1.612,
        1.616,
        1.62,
        1.624,
        1.6280000000000001,
        1.6320000000000001,
        1.6360000000000001,
        1.6400000000000001,
        1.6440000000000001,
        1.6480000000000001,
        1.6520000000000001,
        1.6560000000000001,
        1.6600000000000001,
        1.6640000000000001,
        1.6680000000000001,
        1.6720000000000002,
        1.6760000000000002,
        1.6800000000000002
      ],
      "sweep_log_L": [
        -22280.824019772328,
        -18462.09562929379,
        -14053.911168497172,
        -10748.989907036594,
        -6358.77060419332,
        -4039.434198741372,
        1269.2097573595602,
        3061.063530779291,
        4593.572018516868,
        7719.132364956211,
        11861.373293568846,
        14949.342609344028,
        17352.473700429055,
        19504.10539758765,
        21547.752605380523,
        23743.244204363946,
        25236.55025008467,
        26019.79294068557,
        26487.908426470585,
        26780.165791257772,
        26283.52663421045,
        25813.389175372933,
        24950.165631673037,
        24000.99939686626,
        22152.998460039562,
        20506.524606101877,
        18690.186171050584,
        16657.23178275064,
        13878.37227875261,
        11539.106080763788,
        8787.73512057684,
        4660.077478126215,
        904.7056404286122,
        -1921.4516238742872,
        -7188.570088510911,
        -11943.270425751914,
        -15848.865505420457,
        -18663.55750294034,
        -23609.60366253335,
        -28372.987927769507,
        -31713.823225570457
      ],
      "fd1_roughness": 153557.15289668232,
      "fd2_sup": 219799386.41757467,
      "fd2_std": 73353772.26948363
    },
    {
      "name": "RectangularSplineAdaptImage",
      "log_evidence_eager": 29065.980525766805,
      "log_likelihood_jit": 29122.19667356596,
      "log_likelihood_jit_steady_ms": 1728.4913063049316,
      "grad_jit_steady_ms": 10960.891008377075,
      "grad_abs_sum": NaN,
      "grad_finite": false,