{
  "instrument": "hst",
  "pixel_scale": 0.05,
  "mesh_shape": [
    28,
    28
  ],
  "sweep_n": 41,
  "sweep_rel": 0.05,
  "results": [
    {
      "name": "RectangularUniform",
      "log_evidence_eager": -1338814172.1831784,
      "log_likelihood_jit": -145154432.7725331,
      "log_likelihood_jit_steady_ms": 1464.163064956665,
      "grad_jit_steady_ms": 4964.585304260254,
      "grad_abs_sum": NaN,
      "grad_finite": false,
      "sweep_theta": [
        3.8,
        3.8099999999999996,
        3.82,
        3.83,
        3.84,
        3.8499999999999996,
        3.86,
        3.87,
        3.88,
        3.8899999999999997,
        3.9,
        3.91,
        3.92,
        3.9299999999999997,
        3.94,
        3.95,
        3.96,
        3.9699999999999998,
        3.98,
        3.99,
        4.0,
        4.01,
        4.02,
        4.03,
        4.04,
        4.05,
        4.0600000000000005,
        4.07,
        4.08,
        4.09,
        4.1,
        4.11,
        4.12,
        4.13,
        4.140000000000001,
        4.15,
        4.16,
        4.17,
        4.18,
        4.19,
        4.2
      ],
      "sweep_log_L": [
        -144355784.07806206,
        -144409751.31401727,
        -144463153.48715997,
        -144511730.6138759,
        -144558336.8233994,
        -144601877.40414017,
        -144646186.17720065,
        -144693555.52628648,
        -144743276.70241117,
        -144791820.00607958,
        -144838824.3104832,
        -144880813.38755086,
        -144920558.04716018,
        -144960588.99550876,
        -144999165.32686126,
        -145035698.11394605,
        -145070393.75205883,
        -145094237.194019,
        -145114093.68960628,
        -145134181.82206857,
        -145154432.77253303,
        -145174754.2573856,
        -145195034.13515112,
        -145215145.52683187,
        -145234953.04743284,
        -145254319.60191104,
        -145273113.11871082,
        -145291212.60649368,
        -145308513.0289898,
        -145324928.67662665,
        -145340394.93006623,
        -145354868.51349473,
        -145368326.48785293,
        -145379854.6449454,
        -145389656.49520853,
        -145399050.69054538,
        -145404420.11052102,
        -145409225.13403285,
        -145413882.13231924,
        -145418380.0573143,
        -145422650.9259456
      ],
      "fd1_roughness": 371703.2960715936,
      "fd2_sup": 108521961.52627932,
      "fd2_std": 22386120.55971881
    },
    {
      "name": "RectangularAdaptDensity",
      "log_evidence_eager": -1803108053.1653633,
      "log_likelihood_jit": -145014434.6016294,
      "log_likelihood_jit_steady_ms": 1831.7022323608398,
      "grad_jit_steady_ms": 4678.572177886963,
      "grad_abs_sum": NaN,
      "grad_finite": false,
      "sweep_theta": [
        3.8,
        3.8099999999999996,
        3.82,
        3.83,
        3.84,
        3.8499999999999996,
        3.86,
        3.87,
        3.88,
        3.8899999999999997,
        3.9,
        3.91,
        3.92,
        3.9299999999999997,
        3.94,
        3.95,
        3.96,
        3.9699999999999998,
        3.98,
        3.99,
        4.0,
        4.01,
        4.02,
        4.03,
        4.04,
        4.05,
        4.0600000000000005,
        4.07,
        4.08,
        4.09,
        4.1,
        4.11,
        4.12,
        4.13,
        4.140000000000001,
        4.15,
        4.16,
        4.17,
        4.18,
        4.19,
        4.2
      ],
      "sweep_log_L": [
        -144275291.409015,
        -144357043.00719678,
        -144511812.6181599,
        -144590460.269891,
        -144660223.22156194,
        -144662929.40394124,
        -144689529.2126431,
        -144687532.43628764,
        -144724978.06456524,
        -144756225.5847903,
        -144737397.08541805,
        -144614825.27661455,
        -144648010.42477095,
        -144618937.15676692,
        -144746489.42449895,
        -144742607.90525645,
        -144784570.5038034,
        -144752144.33705327,
        -144759618.5166724,
        -144914450.6966081,
        -145014434.60162938,
        -144999579.72855616,
        -145009950.35990092,
        -145056227.96490148,
        -145081100.11118665,
        -145081211.04460752,
        -145071662.05391255,
        -145121551.54306266,
        -145172825.2337832,
        -145142238.09802443,
        -145171867.73769444,
        -145115457.1115461,
        -145146493.62466088,
        -145169402.8646846,
        -145126968.46033898,
        -145144563.0898576,
        -145227856.7894355,
        -145256320.00559863,
        -145226553.5535459,
        -145276426.1523597,
        -145294362.03564203
      ],
      "fd1_roughness": 3936268.0309372675,
      "fd2_sup": 1566255357.3606086,
      "fd2_std": 728448630.6623302
    },
    {
      "name": "RectangularSplineAdaptDensity",
      "log_evidence_eager": -1803118135.5723245,
      "log_likelihood_jit": -143881050.1515597,
      "log_likelihood_jit_steady_ms": 1374.4165897369385,
      "grad_jit_steady_ms": 5710.12282371521,
      "grad_abs_sum": NaN,
      "grad_finite": false,
      "sweep_theta": [
        3.8,
        3.8099999999999996,
        3.82,
        3.83,
        3.84,
        3.8499999999999996,
        3.86,
        3.87,
        3.88,
        3.8899999999999997,
        3.9,
        3.91,
        3.92,
        3.9299999999999997,
        3.94,
        3.95,
        3.96,
        3.9699999999999998,
        3.98,
        3.99,
        4.0,
        4.01,
        4.02,
        4.03,
        4.04,
        4.05,
        4.0600000000000005,
        4.07,
        4.08,
        4.09,
        4.1,
        4.11,
        4.12,
        4.13,
        4.140000000000001,
        4.15,
        4.16,
        4.17,
        4.18,
        4.19,
        4.2
      ],
      "sweep_log_L": [
        -142686304.26865345,
        -143863637.00828713,
        -145099206.88869575,
        -145094979.1161453,
        -143906297.96775937,
        -143977187.87535307,
        -143851766.59958902,
        -143026947.13359073,
        -144190000.05813798,
        -143932959.05643797,
        -144038998.64051113,
        -143694264.0443278,
        -143173323.32370916,
        -142830982.7577749,
        -142821715.05530205,
        -142819827.81982243,
        -142834346.79650146,
        -142830763.09001455,
        -142844068.6775371,
        -145013997.36088675,
        -143881050.15155968,
        -143937479.35776696,
        -143951043.29509753,
        -143116149.80111775,
        -143880373.37919033,
        -143953877.02749544,
        -143917313.93053573,
        -143928064.27228332,
        -144228764.70261496,
        -144222039.04457742,
        -144228074.63982427,
        -145113422.50550157,
        -144263746.32619545,
        -144287721.1813022,
        -143236101.30322212,
        -144349844.95957252,
        -144349834.12169147,
        -145308938.25012565,
        -143131565.70395255,
        -144302800.15371415,
        -145060094.6866025
      ],
      "fd1_roughness": 45868944.662407555,
      "fd2_sup": 33486069959.348377,
      "fd2_std": 13031499585.826902
    },
    {
      "name": "RectangularSplineAdaptImage",
      "error": "AttributeError: 'NoneType' object has no attribute 'array'"
    }
  ]
}