{
  "autolens_version": "2026.4.13.6",
  "instrument": "hst",
  "configuration": {
    "pixel_scale_arcsec": 0.05,
    "mask_radius_arcsec": 3.5,
    "image_pixels_masked": 15361,
    "over_sampled_pixels": 17980,
    "linear_gaussians": 0
  },
  "steps": {
    "Ray-trace grids": 0.0016391099999964354,
    "Mapping matrix": 0.049661199999900416,
    "Blurred mapping matrix": 0.08688015000006999,
    "Data vector (D)": 0.00026402999992569676,
    "Curvature matrix (F)": 0.0027215799998884906,
    "Reconstruction (NNLS)": 0.0004479499999433756,
    "Mapped reconstructed image": 0.00027656000002025395,
    "Chi-squared & log likelihood": 0.00022713999987900024
  },
  "total_step_by_step": 0.14211771999962364,
  "full_pipeline_single_jit": 0.16191826000012952,
  "vmap": {
    "batch_size": 3,
    "batch_time": 0.2712601999999606,
    "per_call": 0.09042006666665353,
    "speedup_vs_single_jit": 1.8
  }
}