{
  "autolens_version": "2026.5.1.4",
  "instrument": "hst",
  "configuration": {
    "pixel_scale_arcsec": 0.05,
    "mask_radius_arcsec": 3.5,
    "image_pixels_masked": 15361,
    "over_sampled_pixels": 17980,
    "mesh_shape": [
      28,
      28
    ],
    "source_pixels": 784
  },
  "steps": {
    "Ray-trace grids": 0.010212379999575204,
    "Lens light images (pre-PSF)": 0.005444229999557138,
    "Blurred image (PSF convolution)": 0.024003369999991264,
    "Profile-subtracted image": 1.8070000078296288e-05,
    "Inversion setup (steps 4-7 combined)": 2.540000423323363e-06,
    "Data vector (D)": 0.06494419000009657,
    "Curvature matrix (F)": 0.37986498000027497,
    "Regularization matrix (H)": 0.049308830000518354,
    "Regularized reconstruction": 0.43148055000056046,
    "Mapped recon + log evidence": 0.5270483899999817
  },
  "total_step_by_step": 1.4923275300010572,
  "fit_no_sparse_full_likelihood_per_call": 3.6985298600004173,
  "log_evidence_no_sparse": 26232.068573757562,
  "log_evidence_sparse": 26232.06854278734,
  "log_evidence_jax_expected": 26232.068573757562,
  "delta_sparse_minus_no_sparse": -3.0970222724135965e-05,
  "delta_sparse_minus_jax_expected": -3.0970222724135965e-05,
  "sparse_matches_non_sparse_rtol_1em4": true
}