{
  "autolens_version": "2026.4.13.6",
  "instrument": "hst",
  "configuration": {
    "pixel_scale_arcsec": 0.05,
    "mask_radius_arcsec": 3.5,
    "image_pixels_masked": 15361,
    "over_sampled_pixels": 17980,
    "mesh_shape": [
      28,
      28
    ],
    "source_pixels": 784
  },
  "steps": {
    "Ray-trace grids": 0.002110740000171063,
    "Lens light images (pre-PSF)": 1.7560000014782417e-05,
    "Blurred image (PSF convolution)": 0.0034778900000674183,
    "Profile-subtracted image": 0.0001119700000344892,
    "Overlay grid (source pixel centres)": 0.00031791000001248906,
    "Inversion setup (steps 4-8 combined)": 0.667972809999992,
    "Data vector (D)": 0.0062779199999567934,
    "Curvature matrix (F)": 0.8721261200000299,
    "Regularization matrix (H)": 0.000386140000045998,
    "Regularized reconstruction": 0.13999877000005653,
    "Mapped recon + log evidence": 0.03147575000002689
  },
  "total_step_by_step": 1.7242735800004083,
  "full_pipeline_single_jit": 1.5559165800001211,
  "vmap": {
    "batch_size": 3,
    "batch_time": 5.079156859999967,
    "per_call": 1.6930522866666555,
    "speedup_vs_single_jit": 0.9
  }
}