================ RESULT ================
rule               : prodigy  (mesh=delaunay)
n_starts/steps/batch: 16/2/4  resurrect=True
log_det=cholesky  fix_reg=free
wall_s             : 221.3
max log likelihood : -137130.037
einstein_radius    : 1.9102   (truth 1.6)
in truth basin     : False   (slack tol — converged-sampler logL is the real bar)
bar (Nautilus)     : none yet (baseline pending)
steps to bar       : not reached
total_steps        : 2
n_resurrections    : 4
stop_reason        : max_steps
=======================================

fom_history (best -2logP per step): 274254.6 274253.9

================ RESULT ================
rule               : prodigy  (mesh=delaunay)
n_starts/steps/batch: 16/3000/4  resurrect=True
log_det=cholesky  fix_reg=free
wall_s             : 30427.0
max log likelihood : 30098.712
einstein_radius    : 1.5997   (truth 1.6, Nautilus mode 0.962)
in truth basin     : True   (slack tol — converged-sampler logL is the real bar)
bar (Nautilus)     : 19982.3
bar (truth-point)  : 30078.7   (upper reference)
steps to bar       : 2200
total_steps        : 3000
n_resurrections    : 797
stop_reason        : max_steps
=======================================

fom_history (best -2logP per step): 274254.6 274253.9 274253.2 274252.5 274251.8 274250.9 274249.5 130008.1 130005.5 130002.8 130000.2 129997.5 129994.2 129989.2 129981.5 129969.5 129951.1 129923.6 129882.1 129819.8 129725.1 129573.7 129325.0 128938.6 128938.6 128246.7 127367.2 127367.2 127120.3 125964.6 124801.2 124338.2 124338.2 124338.2 123404.0 123404.0 123404.0 123404.0 123309.5 123264.7 123264.7 122396.8 122198.0 121108.4 120287.2 120086.7 118423.9 118423.9 118423.9 118423.9 118423.9 118423.9 118423.9 118423.9 118423.9 118423.9 117404.0 114895.5 114895.5 114895.5 114895.5 114895.5 114895.5 114895.5 114895.5 114895.5 114895.5 114895.5 114895.5 114895.5 114895.5 114895.5 114895.5 114895.5 114895.5 114895.5 114895.5 114640.3 114635.5 114605.9 114605.9 114605.9 114605.9 114605.9 114605.9 114605.9 114605.9 114605.9 114605.9 114605.9 114605.9 114605.9 114605.9 114605.9 114605.9 114605.9 114605.9 114605.9 114605.9 114605.9 114605.9 114605.9 108543.1 108543.1 108543.1 69917.3 52609.1 47467.3 41930.1 41930.1 41930.1 41930.1 41930.1 41930.1 41930.1 41930.1 41930.1 36333.7 24765.2 24392.2 9532.2 9532.2 9532.2 9532.2 9532.2 9532.2 9532.2 9532.2 9532.2 9532.2 9532.2 9532.2 9532.2 9532.2 9532.2 9532.2 9532.2 9532.2 9532.2 9532.2 9532.2 9532.2 9532.2 9532.2 9532.2 9532.2 9532.2 9532.2 7542.2 7542.2 7542.2 7542.2 7542.2 7542.2 7542.2 7542.2 7542.2 7542.2 7542.2 7542.2 7542.2 7542.2 7542.2 7542.2 7542.2 7542.2 7542.2 7542.2 7542.2 7542.2 7542.2 7542.2 7542.2 7542.2 7542.2 7542.2 7542.2 7542.2 7542.2 7542.2 7542.2 7542.2 7542.2 7542.2 7542.2 7542.2 7542.2 7542.2 7542.2 7542.2 7542.2 7542.2 7542.2 7542.2 7542.2 7542.2 7542.2 7542.2 7542.2 7542.2 7542.2 7542.2 7542.2 7542.2 7542.2 7542.2 7542.2 7542.2 7542.2 7542.2 7542.2 7542.2 7542.2 7542.2 7542.2 7542.2 7542.2 7542.2 7542.2 7542.2 7542.2 7542.2 7542.2 7542.2 7542.2 7542.2 7542.2 7542.2 7542.2 7542.2 7542.2 7542.2 7542.2 7542.2 7542.2 7542.2 7542.2 7542.2 7542.2 7542.2 7542.2 7542.2 7542.2 7542.2 7542.2 7542.2 7542.2 7542.2 7542.2 7542.2 7542.2 7542.2 7542.2 7542.2 7542.2 7542.2 7542.2 7542.2 7542.2 7542.2 7542.2 7542.2 7542.2 7542.2 7542.2 7542.2 7542.2 7542.2 7542.2 5097.7 5097.7 5097.7 5097.7 5097.7 5097.7 5097.7 5097.7 5097.7 5097.7 5097.7 5097.7 5097.7 5097.7 5097.7 5097.7 5097.7 5097.7 5097.7 5097.7 5097.7 5097.7 5097.7 5097.7 5097.7 5097.7 5097.7 5097.7 5097.7 5097.7 5097.7 5097.7 5097.7 5097.7 5097.7 5097.7 5097.7 5097.7 5097.7 5097.7 5097.7 5097.7 5097.7 5097.7 5097.7 5097.7 5097.7 5097.7 148.0 148.0 148.0 148.0 148.0 148.0 -2531.1 -2531.1 -2531.1 -2531.1 -2531.1 -6004.7 -8289.2 -8289.2 -8289.2 -8289.2 -8289.2 -8289.2 -8289.2 -8289.2 -8289.2 -8289.2 -8289.2 -9997.2 -9997.2 -10035.6 -10035.6 -17025.1 -17025.1 -17025.1 -17025.1 -17025.1 -17025.1 -17025.1 -17025.1 -17025.1 -17025.1 -17025.1 -17025.1 -17025.1 -17025.1 -17025.1 -17025.1 -17025.1 -17025.1 -17025.1 -17025.1 -17025.1 -17025.1 -17025.1 -17025.1 -17025.1 -17025.1 -17025.1 -17025.1 -17025.1 -17025.1 -17025.1 -17025.1 -17025.1 -17025.1 -17025.1 -17025.1 -17025.1 -17025.1 -17025.1 -17025.1 -17025.1 -17025.1 -17025.1 -17025.1 -17025.1 -17025.1 -17025.1 -17025.1 -17025.1 -17025.1 -17025.1 -17025.1 -17025.1 -17025.1 -17025.1 -17025.1 -17025.1 -17025.1 -17025.1 -17025.1 -17025.1 -17025.1 -17025.1 -17025.1 -17025.1 -17025.1 -17025.1 -17025.1 -17025.1 -17025.1 -17025.1 -17025.1 -17025.1 -17025.1 -17025.1 -17025.1 -17025.1 -17025.1 -17025.1 -17025.1 -17025.1 -17025.1 -17025.1 -17025.1 -17025.1 -17025.1 -17025.1 -17025.1 -17025.1 -17025.1 -17025.1 -17025.1 -17025.1 -17025.1 -17025.1 -17025.1 -17025.1 -17025.1 -17025.1 -17025.1 -17025.1 -17025.1 -17025.1 -17025.1 -17025.1 -17025.1 -17025.1 -17025.1 -17025.1 -17025.1 -17025.1 -17025.1 -17025.1 -17025.1 -17025.1 -17025.1 -17025.1 -17025.1 -17025.1 -17025.1 -17025.1 -17025.1 -17025.1 -17025.1 -17025.1 -17025.1 -17025.1 -17025.1 -17025.1 -17025.1 -17025.1 -17025.1 -17025.1 -17025.1 -17025.1 -17025.1 -17025.1 -17025.1 -17025.1 -17025.1 -17025.1 -17025.1 -17025.1 -17025.1 -17025.1 -17025.1 -17025.1 -17025.1 -17025.1 -17025.1 -17025.1 -17025.1 -17025.1 -17025.1 -17025.1 -17025.1 -17025.1 -17025.1 -17025.1 -17025.1 -17025.1 -17025.1 -17025.1 -17025.1 -17025.1 -17025.1 -17025.1 -17025.1 -17025.1 -17025.1 -17025.1 -17025.1 -17025.1 -17025.1 -17025.1 -17025.1 -17025.1 -17025.1 -17025.1 -17025.1 -17025.1 -17025.1 -17025.1 -17025.1 -17025.1 -17025.1 -17025.1 -17025.1 -17025.1 -17025.1 -17025.1 -17025.1 -17025.1 -17025.1 -17025.1 -17025.1 -17025.1 -17025.1 -17025.1 -17025.1 -17025.1 -17025.1 -17025.1 -17025.1 -17025.1 -17025.1 -17025.1 -17025.1 -17025.1 -17025.1 -17025.1 -17025.1 -17025.1 -17025.1 -17025.1 -17025.1 -17025.1 -17025.1 -17025.1 -17025.1 -17025.1 -17025.1 -17025.1 -17025.1 -17025.1 -17025.1 -17025.1 -17025.1 -17025.1 -17025.1 -17025.1 -17025.1 -17025.1 -17025.1 -17025.1 -17025.1 -17025.1 -17025.1 -17025.1 -17025.1 -17025.1 -17025.1 -17025.1 -17025.1 -17025.1 -17025.1 -17025.1 -17025.1 -17025.1 -17025.1 -17025.1 -17025.1 -17025.1 -17025.1 -17025.1 -17025.1 -17025.1 -17025.1 -17025.1 -17025.1 -17025.1 -17025.1 -17025.1 -17025.1 -17025.1 -17025.1 -17025.1 -17025.1 -17025.1 -17025.1 -17025.1 -17025.1 -17025.1 -17025.1 -17025.1 -17025.1 -17025.1 -17025.1 -17025.1 -17025.1 -17025.1 -17025.1 -17025.1 -17025.1 -17025.1 -17025.1 -17025.1 -17025.1 -17025.1 -17025.1 -17025.1 -17025.1 -17025.1 -17025.1 -17025.1 -17025.1 -17025.1 -17025.1 -17025.1 -17025.1 -17025.1 -17025.1 -17025.1 -17025.1 -17025.1 -17025.1 -17025.1 -17025.1 -17025.1 -17025.1 -17025.1 -17025.1 -17025.1 -17025.1 -17025.1 -17025.1 -17025.1 -17025.1 -17025.1 -17025.1 -17025.1 -17025.1 -17025.1 -17025.1 -17025.1 -17025.1 -17025.1 -17025.1 -17025.1 -17025.1 -17025.1 -17025.1 -17025.1 -17025.1 -17025.1 -17025.1 -17025.1 -17025.1 -17025.1 -17025.1 -17025.1 -17025.1 -17025.1 -17025.1 -17025.1 -17025.1 -17025.1 -17025.1 -17025.1 -17025.1 -17025.1 -17025.1 -17025.1 -17025.1 -17025.1 -17025.1 -17025.1 -17025.1 -17025.1 -17025.1 -17025.1 -17025.1 -17025.1 -17025.1 -17025.1 -17025.1 -17025.1 -17025.1 -17025.1 -17025.1 -17025.1 -17025.1 -17025.1 -17025.1 -17025.1 -17025.1 -17025.1 -17025.1 -17025.1 -17025.1 -17025.1 -17025.1 -17025.1 -17025.1 -17025.1 -17025.1 -17025.1 -17025.1 -17025.1 -17025.1 -17025.1 -17025.1 -17025.1 -17025.1 -17025.1 -17025.1 -17025.1 -17025.1 -17025.1 -17025.1 -17025.1 -17025.1 -17025.1 -17025.1 -17025.1 -17025.1 -17025.1 -17025.1 -17025.1 -17025.1 -17025.1 -17025.1 -17025.1 -17025.1 -17025.1 -17025.1 -17025.1 -17025.1 -17025.1 -17025.1 -17025.1 -17025.1 -17025.1 -17025.1 -17025.1 -17025.1 -17025.1 -17025.1 -17025.1 -17025.1 -17025.1 -17025.1 -17025.1 -17025.1 -17025.1 -17025.1 -17025.1 -17025.1 -17025.1 -17025.1 -17025.1 -17025.1 -17025.1 -17025.1 -17025.1 -17025.1 -17025.1 -17025.1 -17025.1 -17025.1 -17025.1 -17025.1 -17025.1 -17025.1 -17025.1 -17025.1 -17025.1 -17025.1 -17025.1 -17025.1 -17025.1 -17025.1 -17025.1 -17025.1 -17025.1 -17025.1 -17025.1 -17025.1 -17025.1 -17025.1 -17025.1 -17025.1 -17025.1 -17025.1 -17025.1 -17025.1 -17025.1 -17025.1 -17025.1 -17025.1 -17025.1 -17025.1 -17025.1 -17025.1 -17025.1 -17025.1 -17025.1 -17025.1 -17025.1 -17025.1 -17025.1 -17025.1 -17025.1 -17025.1 -17025.1 -17025.1 -17025.1 -17025.1 -17025.1 -17025.1 -17025.1 -17025.1 -17025.1 -17025.1 -17025.1 -17025.1 -17025.1 -17025.1 -17025.1 -17025.1 -17025.1 -17025.1 -17025.1 -17025.1 -17025.1 -17025.1 -17025.1 -17025.1 -17025.1 -17025.1 -17025.1 -17025.1 -17025.1 -17025.1 -17025.1 -17025.1 -17025.1 -17025.1 -17025.1 -17025.1 -17025.1 -17025.1 -17025.1 -17025.1 -17025.1 -17025.1 -17025.1 -17025.1 -17025.1 -17025.1 -17025.1 -17025.1 -17025.1 -17025.1 -17025.1 -17025.1 -17025.1 -17025.1 -17025.1 -17025.1 -17025.1 -17025.1 -17025.1 -17025.1 -17025.1 -17025.1 -17025.1 -17025.1 -17025.1 -17025.1 -17025.1 -17025.1 -17025.1 -17025.1 -17025.1 -17025.1 -17025.1 -17025.1 -17025.1 -17025.1 -17025.1 -17025.1 -17025.1 -17025.1 -17025.1 -17025.1 -17025.1 -17025.1 -17025.1 -17025.1 -17025.1 -17025.1 -17025.1 -17025.1 -17025.1 -17025.1 -17025.1 -17025.1 -17025.1 -17025.1 -17025.1 -17025.1 -17025.1 -17025.1 -17025.1 -17025.1 -17025.1 -17025.1 -17025.1 -17025.1 -17025.1 -17025.1 -17025.1 -17025.1 -17025.1 -17025.1 -17025.1 -17025.1 -17025.1 -17025.1 -17025.1 -17025.1 -17025.1 -17025.1 -17025.1 -17025.1 -17025.1 -17025.1 -17025.1 -17025.1 -17025.1 -17025.1 -17025.1 -17025.1 -17025.1 -17025.1 -17025.1 -17025.1 -17025.1 -17025.1 -17025.1 -17025.1 -17025.1 -17025.1 -17025.1 -17025.1 -17025.1 -17025.1 -17025.1 -17025.1 -17025.1 -17025.1 -17025.1 -17025.1 -17025.1 -17025.1 -17025.1 -17025.1 -17025.1 -17025.1 -17025.1 -17025.1 -17025.1 -17025.1 -17025.1 -17025.1 -17025.1 -17025.1 -17025.1 -17025.1 -17025.1 -17025.1 -17025.1 -17025.1 -17025.1 -17025.1 -17025.1 -17025.1 -17025.1 -17025.1 -17025.1 -17025.1 -17025.1 -17025.1 -17025.1 -17025.1 -17025.1 -17025.1 -17025.1 -17025.1 -17025.1 -17025.1 -17025.1 -17025.1 -17025.1 -17025.1 -17025.1 -17025.1 -17025.1 -17025.1 -17025.1 -17025.1 -17025.1 -17025.1 -17025.1 -17025.1 -17025.1 -17025.1 -17025.1 -17025.1 -17025.1 -17025.1 -17025.1 -17025.1 -17025.1 -17025.1 -17025.1 -17025.1 -17025.1 -17025.1 -17025.1 -17025.1 -17025.1 -17025.1 -17025.1 -17025.1 -17025.1 -17025.1 -17025.1 -17025.1 -17025.1 -17025.1 -17025.1 -17025.1 -17025.1 -17025.1 -17025.1 -17025.1 -17025.1 -17025.1 -17025.1 -17025.1 -17025.1 -17025.1 -17025.1 -17025.1 -17025.1 -17025.1 -17025.1 -17025.1 -17025.1 -17025.1 -17025.1 -17025.1 -17025.1 -17025.1 -17025.1 -17025.1 -17025.1 -17025.1 -17025.1 -17025.1 -17025.1 -17025.1 -17025.1 -17025.1 -17025.1 -17025.1 -17025.1 -17025.1 -17025.1 -17025.1 -17025.1 -17025.1 -17025.1 -17025.1 -17025.1 -17025.1 -17025.1 -17025.1 -17025.1 -17025.1 -17025.1 -17025.1 -17025.1 -17025.1 -17025.1 -17025.1 -17025.1 -17025.1 -17025.1 -17025.1 -17025.1 -17025.1 -17025.1 -17025.1 -17025.1 -17025.1 -17025.1 -17025.1 -17025.1 -17025.1 -17025.1 -17025.1 -17025.1 -17025.1 -17025.1 -17025.1 -17025.1 -17025.1 -17025.1 -17025.1 -17025.1 -17025.1 -17025.1 -17025.1 -17025.1 -17025.1 -17025.1 -17025.1 -17025.1 -17025.1 -17025.1 -17025.1 -17025.1 -17025.1 -17025.1 -17025.1 -17025.1 -17025.1 -17025.1 -17025.1 -17025.1 -17025.1 -17025.1 -17025.1 -17025.1 -17025.1 -17025.1 -17025.1 -17025.1 -17025.1 -17025.1 -17025.1 -17025.1 -17025.1 -17025.1 -17025.1 -17025.1 -17025.1 -17025.1 -17025.1 -17025.1 -17025.1 -17025.1 -17025.1 -17025.1 -17025.1 -17025.1 -17025.1 -17025.1 -17025.1 -17025.1 -17025.1 -17025.1 -17025.1 -17025.1 -17025.1 -17025.1 -17025.1 -17025.1 -17025.1 -17025.1 -17025.1 -17025.1 -17025.1 -17025.1 -17025.1 -17025.1 -17025.1 -17025.1 -17025.1 -17025.1 -17025.1 -17025.1 -17025.1 -17025.1 -17025.1 -17025.1 -17025.1 -17025.1 -17025.1 -17025.1 -17025.1 -17025.1 -17025.1 -17025.1 -17025.1 -17025.1 -17025.1 -17025.1 -17025.1 -17025.1 -17025.1 -17025.1 -17025.1 -17025.1 -17025.1 -17025.1 -17025.1 -17025.1 -17025.1 -17025.1 -17025.1 -17025.1 -17025.1 -17025.1 -17025.1 -17025.1 -17025.1 -17025.1 -17025.1 -17025.1 -17025.1 -17025.1 -17025.1 -17025.1 -17025.1 -17025.1 -17025.1 -17025.1 -17025.1 -17025.1 -17025.1 -17025.1 -17025.1 -17025.1 -17025.1 -17025.1 -17025.1 -17025.1 -17025.1 -17025.1 -17025.1 -17025.1 -17025.1 -17025.1 -17025.1 -17025.1 -17025.1 -17025.1 -17025.1 -17025.1 -17025.1 -17025.1 -17025.1 -17025.1 -17025.1 -17025.1 -17025.1 -17025.1 -17025.1 -17025.1 -17025.1 -17025.1 -17025.1 -17025.1 -17025.1 -17025.1 -17025.1 -17025.1 -17025.1 -17025.1 -17025.1 -17025.1 -17025.1 -17025.1 -17025.1 -17025.1 -17025.1 -17025.1 -17025.1 -17025.1 -17025.1 -17025.1 -17025.1 -17025.1 -17025.1 -17025.1 -17025.1 -17025.1 -17025.1 -17025.1 -17025.1 -17025.1 -17025.1 -17025.1 -17025.1 -17025.1 -17025.1 -17025.1 -17025.1 -17025.1 -17025.1 -17025.1 -17025.1 -17025.1 -17025.1 -17025.1 -17025.1 -17025.1 -17025.1 -17025.1 -17025.1 -17025.1 -17025.1 -17025.1 -17025.1 -17025.1 -17025.1 -17025.1 -17025.1 -17025.1 -17025.1 -17025.1 -17025.1 -17025.1 -17025.1 -17025.1 -17025.1 -17025.1 -17025.1 -17025.1 -17025.1 -17025.1 -17025.1 -17025.1 -17025.1 -17025.1 -17025.1 -17025.1 -17025.1 -17025.1 -17025.1 -17025.1 -17025.1 -17025.1 -17025.1 -17025.1 -17025.1 -17025.1 -17025.1 -17025.1 -17025.1 -17025.1 -17025.1 -17025.1 -17025.1 -17025.1 -17025.1 -17025.1 -17025.1 -17025.1 -17025.1 -17025.1 -17025.1 -17025.1 -17025.1 -17025.1 -17025.1 -17025.1 -17025.1 -17025.1 -17025.1 -17025.1 -17025.1 -17025.1 -17025.1 -17025.1 -17025.1 -17025.1 -17025.1 -17025.1 -17025.1 -17025.1 -17025.1 -17025.1 -17025.1 -17025.1 -17025.1 -17025.1 -17025.1 -17025.1 -17025.1 -17025.1 -17025.1 -17025.1 -17025.1 -17025.1 -17025.1 -17025.1 -17025.1 -17025.1 -17025.1 -17025.1 -17025.1 -17025.1 -17025.1 -17025.1 -17025.1 -17025.1 -17025.1 -17025.1 -17025.1 -17025.1 -17025.1 -17025.1 -17025.1 -17025.1 -17025.1 -17025.1 -17025.1 -17025.1 -17025.1 -17025.1 -17025.1 -17025.1 -17025.1 -17025.1 -17025.1 -17025.1 -17025.1 -17025.1 -17025.1 -17025.1 -17025.1 -17025.1 -17025.1 -17025.1 -17025.1 -17025.1 -17025.1 -17025.1 -17025.1 -17025.1 -17025.1 -17025.1 -17025.1 -17025.1 -17025.1 -17025.1 -17025.1 -17025.1 -17025.1 -17025.1 -17025.1 -17025.1 -17025.1 -17025.1 -17025.1 -17025.1 -17025.1 -17025.1 -17025.1 -17025.1 -17025.1 -17025.1 -17025.1 -17025.1 -17025.1 -17025.1 -17025.1 -17025.1 -17025.1 -17025.1 -17025.1 -17025.1 -17025.1 -17025.1 -17025.1 -17025.1 -17025.1 -17025.1 -17025.1 -17025.1 -17025.1 -17025.1 -17025.1 -17025.1 -17025.1 -17025.1 -17025.1 -17025.1 -17025.1 -17025.1 -17025.1 -17025.1 -17025.1 -17025.1 -17025.1 -17025.1 -17025.1 -17025.1 -17025.1 -17025.1 -17025.1 -17025.1 -17025.1 -17025.1 -17025.1 -17025.1 -17025.1 -17025.1 -17025.1 -17025.1 -17025.1 -17025.1 -17025.1 -17025.1 -17025.1 -17025.1 -17025.1 -17025.1 -17025.1 -17025.1 -17025.1 -17025.1 -17025.1 -17025.1 -17025.1 -17025.1 -17025.1 -17025.1 -17025.1 -17025.1 -17025.1 -17025.1 -17025.1 -17025.1 -17025.1 -17025.1 -17025.1 -17025.1 -17025.1 -17025.1 -17025.1 -17025.1 -17025.1 -17025.1 -17025.1 -17025.1 -17025.1 -17025.1 -17025.1 -17025.1 -17025.1 -17025.1 -17025.1 -17025.1 -17025.1 -17025.1 -17025.1 -17025.1 -17025.1 -17025.1 -17025.1 -17025.1 -17025.1 -17025.1 -17025.1 -17025.1 -17025.1 -17025.1 -17025.1 -17025.1 -17025.1 -17025.1 -17025.1 -17025.1 -17025.1 -17025.1 -17025.1 -17025.1 -17025.1 -17025.1 -17025.1 -17025.1 -17025.1 -17025.1 -17025.1 -17025.1 -17025.1 -17025.1 -17025.1 -17025.1 -17025.1 -17025.1 -17025.1 -17025.1 -17025.1 -17025.1 -17025.1 -17025.1 -17025.1 -17025.1 -17025.1 -17025.1 -17025.1 -17025.1 -17025.1 -17025.1 -17025.1 -17025.1 -17025.1 -17025.1 -17025.1 -17025.1 -17025.1 -17025.1 -17025.1 -17025.1 -17025.1 -17025.1 -17025.1 -17025.1 -17025.1 -17025.1 -17025.1 -17025.1 -17025.1 -17025.1 -17025.1 -17025.1 -17025.1 -17025.1 -17025.1 -17025.1 -17025.1 -17025.1 -17025.1 -17025.1 -17025.1 -17025.1 -17025.1 -17025.1 -17025.1 -17025.1 -17025.1 -17025.1 -17025.1 -17025.1 -17025.1 -17025.1 -17025.1 -17025.1 -17025.1 -17025.1 -17025.1 -17025.1 -17025.1 -17025.1 -17025.1 -17025.1 -17025.1 -17025.1 -17025.1 -17025.1 -17025.1 -17025.1 -17025.1 -17025.1 -17025.1 -17025.1 -17025.1 -17025.1 -17025.1 -17025.1 -17025.1 -17025.1 -17025.1 -17025.1 -17025.1 -17025.1 -17025.1 -17025.1 -17025.1 -17025.1 -17025.1 -17025.1 -17025.1 -17025.1 -17025.1 -17025.1 -17025.1 -17025.1 -17025.1 -17025.1 -17025.1 -17025.1 -17025.1 -17025.1 -17025.1 -17025.1 -17025.1 -17025.1 -17025.1 -17025.1 -17025.1 -17025.1 -17025.1 -17025.1 -17025.1 -17025.1 -17025.1 -17025.1 -17025.1 -17025.1 -17025.1 -17025.1 -17025.1 -17025.1 -17025.1 -17025.1 -17025.1 -17025.1 -17025.1 -17025.1 -17025.1 -17025.1 -17025.1 -17025.1 -17025.1 -17025.1 -17025.1 -17025.1 -17025.1 -17025.1 -17025.1 -17025.1 -17025.1 -17025.1 -17025.1 -17025.1 -17025.1 -17025.1 -17025.1 -17025.1 -17025.1 -17025.1 -17025.1 -17025.1 -17025.1 -17025.1 -17025.1 -17025.1 -17025.1 -17025.1 -17025.1 -17025.1 -17025.1 -17025.1 -17025.1 -17025.1 -17025.1 -17025.1 -17025.1 -17025.1 -17025.1 -17025.1 -17025.1 -17025.1 -17025.1 -17025.1 -17025.1 -17025.1 -17025.1 -17025.1 -17025.1 -17025.1 -17025.1 -17025.1 -17025.1 -17025.1 -17025.1 -17025.1 -17025.1 -17025.1 -17025.1 -17025.1 -17025.1 -17025.1 -17025.1 -17025.1 -17025.1 -17025.1 -17025.1 -17025.1 -17025.1 -17025.1 -17025.1 -17025.1 -17025.1 -17025.1 -17025.1 -17025.1 -17025.1 -17025.1 -17025.1 -17025.1 -17025.1 -17025.1 -17025.1 -17025.1 -17025.1 -17025.1 -17025.1 -17025.1 -17025.1 -17025.1 -17025.1 -17025.1 -17025.1 -17025.1 -17025.1 -17025.1 -17025.1 -17025.1 -17025.1 -17025.1 -17025.1 -17025.1 -17025.1 -17025.1 -17025.1 -17025.1 -17025.1 -17025.1 -17025.1 -17025.1 -17025.1 -17025.1 -17025.1 -17025.1 -17025.1 -17025.1 -17025.1 -17025.1 -17025.1 -17025.1 -17025.1 -17025.1 -17025.1 -17025.1 -17025.1 -17025.1 -17025.1 -17025.1 -17025.1 -17025.1 -17025.1 -17025.1 -17025.1 -17025.1 -17025.1 -17025.1 -17025.1 -17025.1 -17025.1 -17025.1 -17025.1 -17025.1 -17025.1 -17025.1 -17025.1 -17025.1 -17025.1 -17025.1 -17025.1 -17025.1 -17025.1 -17025.1 -17025.1 -17025.1 -17025.1 -17025.1 -17025.1 -17025.1 -17025.1 -17025.1 -17025.1 -17025.1 -17025.1 -17025.1 -17025.1 -17025.1 -17025.1 -17025.1 -17025.1 -17025.1 -17025.1 -17025.1 -17025.1 -17025.1 -17025.1 -17025.1 -17025.1 -17025.1 -17025.1 -17025.1 -17025.1 -17025.1 -17025.1 -17025.1 -17025.1 -17025.1 -17025.1 -17025.1 -17025.1 -17025.1 -17025.1 -17025.1 -17025.1 -17025.1 -17025.1 -17025.1 -17025.1 -17025.1 -17025.1 -17025.1 -17025.1 -17025.1 -17025.1 -17025.1 -17025.1 -17025.1 -17025.1 -17025.1 -17025.1 -17025.1 -17025.1 -17025.1 -17025.1 -17025.1 -17025.1 -17025.1 -17025.1 -17025.1 -17025.1 -17025.1 -17025.1 -17025.1 -17025.1 -17025.1 -17025.1 -17025.1 -17025.1 -17025.1 -17025.1 -17025.1 -17025.1 -17025.1 -17025.1 -17025.1 -17025.1 -17025.1 -17025.1 -17025.1 -17025.1 -17025.1 -17025.1 -17025.1 -17025.1 -17025.1 -17025.1 -17025.1 -17025.1 -17025.1 -17025.1 -17025.1 -17025.1 -17025.1 -17025.1 -17025.1 -17025.1 -17025.1 -17025.1 -17025.1 -17025.1 -17025.1 -17025.1 -17025.1 -17025.1 -17025.1 -17025.1 -17025.1 -17025.1 -17025.1 -17025.1 -17025.1 -17025.1 -17025.1 -17025.1 -17025.1 -17025.1 -17025.1 -17025.1 -17025.1 -17025.1 -17025.1 -17025.1 -17025.1 -17025.1 -17025.1 -17025.1 -17025.1 -17025.1 -17025.1 -17025.1 -17025.1 -17025.1 -17025.1 -17025.1 -17025.1 -17025.1 -17025.1 -17025.1 -17025.1 -17025.1 -17025.1 -17025.1 -17025.1 -17025.1 -17025.1 -17025.1 -17025.1 -17025.1 -17025.1 -17025.1 -17025.1 -17025.1 -17025.1 -17025.1 -17025.1 -17025.1 -17025.1 -17025.1 -17025.1 -17025.1 -17025.1 -17025.1 -17025.1 -17025.1 -17025.1 -17025.1 -17025.1 -17025.1 -17025.1 -17025.1 -17025.1 -17025.1 -17025.1 -17025.1 -17025.1 -17025.1 -17025.1 -17025.1 -17025.1 -17025.1 -17025.1 -17025.1 -17025.1 -17025.1 -17025.1 -17025.1 -17025.1 -17025.1 -17025.1 -17025.1 -17025.1 -17025.1 -17025.1 -17025.1 -17025.1 -17025.1 -17025.1 -17025.1 -17025.1 -17025.1 -17025.1 -17025.1 -17025.1 -17025.1 -17025.1 -17025.1 -17025.1 -17025.1 -17025.1 -17025.1 -17025.1 -17025.1 -17025.1 -17025.1 -17025.1 -17025.1 -17025.1 -17025.1 -17025.1 -17025.1 -17025.1 -17025.1 -17025.1 -17025.1 -17025.1 -17025.1 -17025.1 -17025.1 -17025.1 -17025.1 -17025.1 -17025.1 -17025.1 -17025.1 -17025.1 -17025.1 -17025.1 -17025.1 -17025.1 -17025.1 -17025.1 -17025.1 -17025.1 -17025.1 -17025.1 -17025.1 -17025.1 -17025.1 -17025.1 -17025.1 -17025.1 -17025.1 -17025.1 -17025.1 -17025.1 -17025.1 -17025.1 -17025.1 -17025.1 -17025.1 -17025.1 -17025.1 -17025.1 -17025.1 -17025.1 -17025.1 -17025.1 -17025.1 -17025.1 -17025.1 -17025.1 -17025.1 -17025.1 -17025.1 -35500.7 -35500.7 -35500.7 -35500.7 -52582.5 -52582.5 -52582.5 -52582.5 -52582.5 -52582.5 -54941.2 -54941.2 -54941.2 -54941.2 -54941.2 -54941.2 -54941.2 -54941.2 -54941.2 -54941.2 -55046.6 -55046.6 -56642.4 -56642.4 -56745.1 -56745.1 -59222.0 -59222.0 -59222.0 -59222.0 -59222.0 -59222.0 -59222.0 -59222.0 -59222.0 -59222.0 -59222.0 -59222.0 -59222.0 -59222.0 -59222.0 -59222.0 -59222.0 -59222.0 -59222.0 -59222.0 -59529.1 -59529.1 -59672.8 -59672.8 -59683.4 -59683.4 -59683.4 -59683.4 -59683.4 -59683.4 -59683.4 -59800.3 -59800.3 -59903.1 -60013.6 -60013.6 -60013.6 -60013.6 -60163.2 -60163.2 -60163.2 -60163.2 -60163.2 -60172.4 -60172.4 -60172.4 -60172.4 -60172.4 -60172.4 -60172.4 -60172.4 -60172.4 -60172.4 -60172.4 -60172.4 -60172.4 -60172.4 -60172.4 -60172.4 -60172.4 -60172.4 -60172.4 -60172.4 -60172.4 -60172.4 -60172.4 -60172.4 -60172.4 -60172.4 -60172.4 -60172.4 -60172.4 -60172.4 -60172.4 -60172.4 -60172.4 -60172.4 -60172.4 -60172.4 -60172.4 -60172.4 -60172.4 -60172.4 -60172.4 -60172.4 -60172.4 -60172.4 -60172.4 -60172.4 -60172.4 -60172.4 -60172.4 -60172.4 -60172.4 -60172.4 -60172.4 -60172.4 -60172.4 -60172.4 -60172.4 -60172.4 -60172.4 -60172.4 -60172.4 -60172.4 -60172.4 -60172.4 -60172.4 -60172.4 -60172.4 -60172.4 -60172.4 -60172.4 -60172.4 -60172.4 -60172.4 -60172.4 -60172.4 -60172.4 -60172.4 -60172.4 -60172.4 -60172.4 -60172.4 -60172.4 -60172.4 -60172.4 -60172.4 -60172.4 -60172.4 -60172.4 -60172.4 -60172.4 -60172.4 -60172.4 -60172.4 -60172.4 -60172.4 -60172.4 -60172.4 -60172.4 -60172.4 -60172.4 -60172.4 -60172.4 -60172.4 -60172.4 -60172.4 -60172.4 -60172.4 -60172.4 -60172.4 -60172.4 -60172.4 -60172.4 -60172.4 -60172.4 -60172.4 -60172.4 -60172.4 -60172.4 -60172.4 -60172.4 -60172.4 -60172.4 -60172.4 -60172.4 -60172.4 -60172.4 -60172.4 -60172.4 -60172.4 -60172.4 -60172.4 -60172.4 -60172.4 -60172.4 -60172.4 -60172.4 -60172.4 -60172.4 -60172.4 -60172.4 -60172.4 -60172.4 -60172.4 -60172.4 -60172.4 -60172.4 -60172.4 -60172.4 -60172.4 -60172.4 -60172.4 -60172.4 -60172.4 -60172.4 -60172.4 -60172.4 -60172.4 -60172.4 -60172.4 -60172.4 -60172.4 -60172.4 -60172.4 -60172.4 -60172.4 -60172.4 -60172.4 -60172.4 -60172.4 -60172.4 -60172.4 -60172.4 -60172.4 -60172.4 -60172.4 -60172.4 -60172.4 -60172.4 -60172.4 -60172.4 -60172.4 -60172.4 -60172.4 -60172.4 -60172.4 -60172.4 -60172.4 -60172.4 -60172.4 -60172.4 -60172.4 -60172.4 -60172.4 -60172.4 -60172.4 -60172.4 -60172.4 -60172.4 -60172.4 -60172.4 -60172.4 -60172.4 -60172.4 -60172.4 -60172.4 -60172.4 -60172.4 -60172.4 -60172.4 -60172.4 -60172.4 -60172.4 -60172.4 -60172.4 -60172.4 -60172.4 -60172.4 -60172.4 -60172.4 -60172.4 -60172.4 -60172.4 -60172.4 -60172.4 -60172.4 -60172.4 -60172.4 -60172.4 -60172.4 -60172.4 -60172.4 -60172.4 -60172.4 -60172.4 -60172.4 -60172.4 -60172.4 -60172.4 -60172.4 -60172.4 -60172.4 -60172.4 -60172.4 -60172.4 -60172.4 -60172.4 -60172.4 -60172.4 -60172.4 -60172.4 -60172.4 -60172.4 -60172.4 -60172.4 -60172.4 -60172.4 -60172.4 -60172.4 -60172.4 -60172.4 -60172.4 -60172.4 -60172.4 -60172.4 -60172.4 -60172.4 -60172.4 -60172.4 -60172.4 -60172.4 -60172.4 -60172.4 -60172.4 -60172.4 -60172.4 -60172.4 -60172.4 -60172.4 -60172.4 -60172.4 -60172.4 -60172.4 -60172.4 -60172.4 -60172.4 -60172.4 -60172.4 -60172.4 -60172.4 -60172.4 -60172.4 -60172.4 -60172.4 -60172.4 -60172.4 -60172.4 -60172.4 -60172.4 -60172.4 -60172.4 -60172.4 -60172.4 -60172.4 -60172.4 -60172.4 -60172.4 -60172.4 -60172.4 -60172.4 -60172.4 -60172.4 -60172.4 -60172.4 -60172.4 -60172.4 -60172.4 -60172.4 -60172.4 -60172.4 -60172.4 -60172.4 -60172.4 -60172.4 -60172.4 -60172.4 -60172.4 -60172.4 -60172.4 -60172.4 -60172.4 -60172.4 -60172.4 -60172.4 -60172.4 -60172.4 -60172.4 -60172.4 -60172.4 -60172.4 -60172.4 -60172.4 -60172.4 -60172.4 -60172.4 -60172.4 -60172.4 -60172.4 -60172.4 -60172.4 -60172.4 -60172.4 -60172.4 -60172.4 -60172.4 -60172.4 -60172.4 -60172.4 -60172.4 -60172.4 -60172.4 -60172.4 -60172.4 -60172.4 -60172.4 -60172.4 -60172.4 -60172.4 -60172.4 -60172.4 -60172.4 -60172.4 -60172.4 -60172.4 -60172.4 -60172.4 -60172.4 -60172.4 -60172.4 -60172.4 -60172.4 -60172.4 -60172.4 -60172.4 -60172.4 -60172.4 -60172.4 -60172.4 -60172.4 -60172.4 -60172.4 -60172.4 -60172.4 -60172.4 -60172.4 -60172.4 -60172.4 -60172.4 -60172.4 -60172.4 -60172.4 -60172.4 -60172.4 -60172.4 -60172.4 -60172.4 -60172.4 -60172.4 -60172.4 -60172.4 -60172.4 -60172.4 -60172.4 -60172.4 -60172.4 -60172.4 -60172.4 -60172.4 -60172.4 -60172.4 -60172.4 -60172.4 -60172.4 -60172.4 -60172.4 -60172.4 -60172.4 -60172.4 -60172.4 -60172.4 -60172.4 -60172.4 -60172.4 -60172.4 -60172.4 -60172.4 -60172.4 -60172.4 -60172.4 -60172.4 -60172.4 -60172.4 -60172.4 -60172.4 -60172.4 -60172.4 -60172.4 -60172.4 -60172.4 -60172.4 -60172.4 -60172.4 -60172.4 -60172.4 -60172.4 -60172.4 -60172.4 -60172.4 -60172.4 -60172.4 -60172.4 -60172.4 -60172.4 -60172.4 -60172.4 -60172.4 -60172.4 -60172.4 -60172.4 -60172.4 -60172.4 -60172.4 -60172.4 -60172.4 -60172.4 -60172.4 -60172.4 -60172.4 -60172.4 -60172.4 -60172.4 -60172.4 -60172.4 -60172.4 -60172.4 -60172.4 -60172.4 -60172.4 -60172.4 -60172.4 -60172.4 -60172.4 -60172.4 -60172.4 -60172.4 -60172.4 -60172.4 -60172.4 -60172.4 -60172.4 -60172.4 -60172.4 -60172.4 -60172.4 -60172.4 -60172.4 -60172.4 -60172.4 -60172.4 -60172.4 -60172.4 -60172.4 -60172.4 -60172.4 -60172.4 -60172.4 -60172.4 -60172.4 -60172.4 -60172.4 -60172.4 -60172.4 -60172.4 -60172.4 -60172.4 -60172.4 -60172.4 -60172.4 -60172.4 -60172.4 -60172.4 -60172.4 -60172.4 -60172.4 -60172.4 -60172.4 -60172.4 -60172.4 -60172.4 -60197.0 -60197.0 -60197.0 -60197.0 -60197.0 -60197.0 -60197.0 -60197.0 -60197.0 -60197.0 -60197.0 -60197.0 -60197.0 -60197.0 -60197.0 -60197.0 -60197.0 -60197.0 -60197.0 -60197.0 -60197.0 -60197.0 -60197.0 -60197.0 -60197.0 -60197.0 -60197.0 -60197.0 -60197.0 -60197.0 -60197.0 -60197.0 -60197.0 -60197.0 -60197.0 -60197.0 -60197.0 -60197.0 -60197.0 -60197.0 -60197.0 -60197.0 -60197.0 -60197.0 -60197.0 -60197.0 -60197.0 -60197.0 -60197.0 -60197.0 -60197.0 -60197.0 -60197.0 -60197.0 -60197.0 -60197.0 -60197.0 -60197.0 -60197.0 -60197.0 -60197.0 -60197.0 -60197.0 -60197.0 -60197.0 -60197.0 -60197.0 -60197.0 -60197.0 -60197.0 -60197.0 -60197.0 -60197.0 -60197.0 -60197.0 -60197.0 -60197.0 -60197.0 -60197.0 -60197.0 -60197.0 -60197.0 -60197.0 -60197.0 -60197.0 -60197.0 -60197.0 -60197.0 -60197.0 -60197.0 -60197.0 -60197.0 -60197.0 -60197.0 -60197.0 -60197.0 -60197.0 -60197.0 -60197.0 -60197.0 -60197.0 -60197.0 -60197.0 -60197.0 -60197.0 -60197.0 -60197.0 -60197.0 -60197.0 -60197.0 -60197.0 -60197.0 -60197.0 -60197.0 -60197.0 -60197.0 -60197.0 -60197.0 -60197.0 -60197.0 -60197.0 -60197.0 -60197.0 -60197.0 -60197.0 -60197.0 -60197.0 -60197.0 -60197.0 -60197.0 -60197.0 -60197.0 -60197.0 -60197.0 -60197.0 -60197.0 -60197.0 -60197.0 -60197.0 -60197.0 -60197.0 -60197.0 -60197.0 -60197.0 -60197.0 -60197.0 -60197.0 -60197.0 -60197.0 -60197.0 -60197.0 -60197.0 -60197.0 -60197.0 -60197.0 -60197.0 -60197.0 -60197.0 -60197.0 -60197.0 -60197.0 -60197.0 -60197.0 -60197.0 -60197.0 -60197.0 -60197.0 -60197.0 -60197.0 -60197.0 -60197.0 -60197.0 -60197.0 -60197.0 -60197.0 -60197.0 -60197.0 -60197.0 -60197.0 -60197.0 -60197.0 -60197.0 -60197.0 -60197.0 -60197.0 -60197.0 -60197.0 -60197.0 -60197.0 -60197.0 -60197.0 -60197.0 -60197.0 -60197.0 -60197.0 -60197.0 -60197.0

================ RESULT ================
rule               : prodigy  (mesh=delaunay)
n_starts/steps/batch: 16/3000/4  resurrect=True
log_det=cholesky  fix_reg=free  reg=mesh-default
wall_s             : 3.0
max log likelihood : 30098.712
einstein_radius    : 1.5997   (truth 1.6, Nautilus mode 0.962)
in truth basin     : True   (slack tol — converged-sampler logL is the real bar)
bar (Nautilus)     : 19982.3
bar (truth-point)  : 30078.7   (upper reference)
steps to bar       : 2200
total_steps        : 3000
n_resurrections    : 797
stop_reason        : max_steps
=======================================

fom_history (best -2logP per step): 274254.6 274253.9 274253.2 274252.5 274251.8 274250.9 274249.5 130008.1 130005.5 130002.8 130000.2 129997.5 129994.2 129989.2 129981.5 129969.5 129951.1 129923.6 129882.1 129819.8 129725.1 129573.7 129325.0 128938.6 128938.6 128246.7 127367.2 127367.2 127120.3 125964.6 124801.2 124338.2 124338.2 124338.2 123404.0 123404.0 123404.0 123404.0 123309.5 123264.7 123264.7 122396.8 122198.0 121108.4 120287.2 120086.7 118423.9 118423.9 118423.9 118423.9 118423.9 118423.9 118423.9 118423.9 118423.9 118423.9 117404.0 114895.5 114895.5 114895.5 114895.5 114895.5 114895.5 114895.5 114895.5 114895.5 114895.5 114895.5 114895.5 114895.5 114895.5 114895.5 114895.5 114895.5 114895.5 114895.5 114895.5 114640.3 114635.5 114605.9 114605.9 114605.9 114605.9 114605.9 114605.9 114605.9 114605.9 114605.9 114605.9 114605.9 114605.9 114605.9 114605.9 114605.9 114605.9 114605.9 114605.9 114605.9 114605.9 114605.9 114605.9 114605.9 108543.1 108543.1 108543.1 69917.3 52609.1 47467.3 41930.1 41930.1 41930.1 41930.1 41930.1 41930.1 41930.1 41930.1 41930.1 36333.7 24765.2 24392.2 9532.2 9532.2 9532.2 9532.2 9532.2 9532.2 9532.2 9532.2 9532.2 9532.2 9532.2 9532.2 9532.2 9532.2 9532.2 9532.2 9532.2 9532.2 9532.2 9532.2 9532.2 9532.2 9532.2 9532.2 9532.2 9532.2 9532.2 9532.2 7542.2 7542.2 7542.2 7542.2 7542.2 7542.2 7542.2 7542.2 7542.2 7542.2 7542.2 7542.2 7542.2 7542.2 7542.2 7542.2 7542.2 7542.2 7542.2 7542.2 7542.2 7542.2 7542.2 7542.2 7542.2 7542.2 7542.2 7542.2 7542.2 7542.2 7542.2 7542.2 7542.2 7542.2 7542.2 7542.2 7542.2 7542.2 7542.2 7542.2 7542.2 7542.2 7542.2 7542.2 7542.2 7542.2 7542.2 7542.2 7542.2 7542.2 7542.2 7542.2 7542.2 7542.2 7542.2 7542.2 7542.2 7542.2 7542.2 7542.2 7542.2 7542.2 7542.2 7542.2 7542.2 7542.2 7542.2 7542.2 7542.2 7542.2 7542.2 7542.2 7542.2 7542.2 7542.2 7542.2 7542.2 7542.2 7542.2 7542.2 7542.2 7542.2 7542.2 7542.2 7542.2 7542.2 7542.2 7542.2 7542.2 7542.2 7542.2 7542.2 7542.2 7542.2 7542.2 7542.2 7542.2 7542.2 7542.2 7542.2 7542.2 7542.2 7542.2 7542.2 7542.2 7542.2 7542.2 7542.2 7542.2 7542.2 7542.2 7542.2 7542.2 7542.2 7542.2 7542.2 7542.2 7542.2 7542.2 7542.2 7542.2 5097.7 5097.7 5097.7 5097.7 5097.7 5097.7 5097.7 5097.7 5097.7 5097.7 5097.7 5097.7 5097.7 5097.7 5097.7 5097.7 5097.7 5097.7 5097.7 5097.7 5097.7 5097.7 5097.7 5097.7 5097.7 5097.7 5097.7 5097.7 5097.7 5097.7 5097.7 5097.7 5097.7 5097.7 5097.7 5097.7 5097.7 5097.7 5097.7 5097.7 5097.7 5097.7 5097.7 5097.7 5097.7 5097.7 5097.7 5097.7 148.0 148.0 148.0 148.0 148.0 148.0 -2531.1 -2531.1 -2531.1 -2531.1 -2531.1 -6004.7 -8289.2 -8289.2 -8289.2 -8289.2 -8289.2 -8289.2 -8289.2 -8289.2 -8289.2 -8289.2 -8289.2 -9997.2 -9997.2 -10035.6 -10035.6 -17025.1 -17025.1 -17025.1 -17025.1 -17025.1 -17025.1 -17025.1 -17025.1 -17025.1 -17025.1 -17025.1 -17025.1 -17025.1 -17025.1 -17025.1 -17025.1 -17025.1 -17025.1 -17025.1 -17025.1 -17025.1 -17025.1 -17025.1 -17025.1 -17025.1 -17025.1 -17025.1 -17025.1 -17025.1 -17025.1 -17025.1 -17025.1 -17025.1 -17025.1 -17025.1 -17025.1 -17025.1 -17025.1 -17025.1 -17025.1 -17025.1 -17025.1 -17025.1 -17025.1 -17025.1 -17025.1 -17025.1 -17025.1 -17025.1 -17025.1 -17025.1 -17025.1 -17025.1 -17025.1 -17025.1 -17025.1 -17025.1 -17025.1 -17025.1 -17025.1 -17025.1 -17025.1 -17025.1 -17025.1 -17025.1 -17025.1 -17025.1 -17025.1 -17025.1 -17025.1 -17025.1 -17025.1 -17025.1 -17025.1 -17025.1 -17025.1 -17025.1 -17025.1 -17025.1 -17025.1 -17025.1 -17025.1 -17025.1 -17025.1 -17025.1 -17025.1 -17025.1 -17025.1 -17025.1 -17025.1 -17025.1 -17025.1 -17025.1 -17025.1 -17025.1 -17025.1 -17025.1 -17025.1 -17025.1 -17025.1 -17025.1 -17025.1 -17025.1 -17025.1 -17025.1 -17025.1 -17025.1 -17025.1 -17025.1 -17025.1 -17025.1 -17025.1 -17025.1 -17025.1 -17025.1 -17025.1 -17025.1 -17025.1 -17025.1 -17025.1 -17025.1 -17025.1 -17025.1 -17025.1 -17025.1 -17025.1 -17025.1 -17025.1 -17025.1 -17025.1 -17025.1 -17025.1 -17025.1 -17025.1 -17025.1 -17025.1 -17025.1 -17025.1 -17025.1 -17025.1 -17025.1 -17025.1 -17025.1 -17025.1 -17025.1 -17025.1 -17025.1 -17025.1 -17025.1 -17025.1 -17025.1 -17025.1 -17025.1 -17025.1 -17025.1 -17025.1 -17025.1 -17025.1 -17025.1 -17025.1 -17025.1 -17025.1 -17025.1 -17025.1 -17025.1 -17025.1 -17025.1 -17025.1 -17025.1 -17025.1 -17025.1 -17025.1 -17025.1 -17025.1 -17025.1 -17025.1 -17025.1 -17025.1 -17025.1 -17025.1 -17025.1 -17025.1 -17025.1 -17025.1 -17025.1 -17025.1 -17025.1 -17025.1 -17025.1 -17025.1 -17025.1 -17025.1 -17025.1 -17025.1 -17025.1 -17025.1 -17025.1 -17025.1 -17025.1 -17025.1 -17025.1 -17025.1 -17025.1 -17025.1 -17025.1 -17025.1 -17025.1 -17025.1 -17025.1 -17025.1 -17025.1 -17025.1 -17025.1 -17025.1 -17025.1 -17025.1 -17025.1 -17025.1 -17025.1 -17025.1 -17025.1 -17025.1 -17025.1 -17025.1 -17025.1 -17025.1 -17025.1 -17025.1 -17025.1 -17025.1 -17025.1 -17025.1 -17025.1 -17025.1 -17025.1 -17025.1 -17025.1 -17025.1 -17025.1 -17025.1 -17025.1 -17025.1 -17025.1 -17025.1 -17025.1 -17025.1 -17025.1 -17025.1 -17025.1 -17025.1 -17025.1 -17025.1 -17025.1 -17025.1 -17025.1 -17025.1 -17025.1 -17025.1 -17025.1 -17025.1 -17025.1 -17025.1 -17025.1 -17025.1 -17025.1 -17025.1 -17025.1 -17025.1 -17025.1 -17025.1 -17025.1 -17025.1 -17025.1 -17025.1 -17025.1 -17025.1 -17025.1 -17025.1 -17025.1 -17025.1 -17025.1 -17025.1 -17025.1 -17025.1 -17025.1 -17025.1 -17025.1 -17025.1 -17025.1 -17025.1 -17025.1 -17025.1 -17025.1 -17025.1 -17025.1 -17025.1 -17025.1 -17025.1 -17025.1 -17025.1 -17025.1 -17025.1 -17025.1 -17025.1 -17025.1 -17025.1 -17025.1 -17025.1 -17025.1 -17025.1 -17025.1 -17025.1 -17025.1 -17025.1 -17025.1 -17025.1 -17025.1 -17025.1 -17025.1 -17025.1 -17025.1 -17025.1 -17025.1 -17025.1 -17025.1 -17025.1 -17025.1 -17025.1 -17025.1 -17025.1 -17025.1 -17025.1 -17025.1 -17025.1 -17025.1 -17025.1 -17025.1 -17025.1 -17025.1 -17025.1 -17025.1 -17025.1 -17025.1 -17025.1 -17025.1 -17025.1 -17025.1 -17025.1 -17025.1 -17025.1 -17025.1 -17025.1 -17025.1 -17025.1 -17025.1 -17025.1 -17025.1 -17025.1 -17025.1 -17025.1 -17025.1 -17025.1 -17025.1 -17025.1 -17025.1 -17025.1 -17025.1 -17025.1 -17025.1 -17025.1 -17025.1 -17025.1 -17025.1 -17025.1 -17025.1 -17025.1 -17025.1 -17025.1 -17025.1 -17025.1 -17025.1 -17025.1 -17025.1 -17025.1 -17025.1 -17025.1 -17025.1 -17025.1 -17025.1 -17025.1 -17025.1 -17025.1 -17025.1 -17025.1 -17025.1 -17025.1 -17025.1 -17025.1 -17025.1 -17025.1 -17025.1 -17025.1 -17025.1 -17025.1 -17025.1 -17025.1 -17025.1 -17025.1 -17025.1 -17025.1 -17025.1 -17025.1 -17025.1 -17025.1 -17025.1 -17025.1 -17025.1 -17025.1 -17025.1 -17025.1 -17025.1 -17025.1 -17025.1 -17025.1 -17025.1 -17025.1 -17025.1 -17025.1 -17025.1 -17025.1 -17025.1 -17025.1 -17025.1 -17025.1 -17025.1 -17025.1 -17025.1 -17025.1 -17025.1 -17025.1 -17025.1 -17025.1 -17025.1 -17025.1 -17025.1 -17025.1 -17025.1 -17025.1 -17025.1 -17025.1 -17025.1 -17025.1 -17025.1 -17025.1 -17025.1 -17025.1 -17025.1 -17025.1 -17025.1 -17025.1 -17025.1 -17025.1 -17025.1 -17025.1 -17025.1 -17025.1 -17025.1 -17025.1 -17025.1 -17025.1 -17025.1 -17025.1 -17025.1 -17025.1 -17025.1 -17025.1 -17025.1 -17025.1 -17025.1 -17025.1 -17025.1 -17025.1 -17025.1 -17025.1 -17025.1 -17025.1 -17025.1 -17025.1 -17025.1 -17025.1 -17025.1 -17025.1 -17025.1 -17025.1 -17025.1 -17025.1 -17025.1 -17025.1 -17025.1 -17025.1 -17025.1 -17025.1 -17025.1 -17025.1 -17025.1 -17025.1 -17025.1 -17025.1 -17025.1 -17025.1 -17025.1 -17025.1 -17025.1 -17025.1 -17025.1 -17025.1 -17025.1 -17025.1 -17025.1 -17025.1 -17025.1 -17025.1 -17025.1 -17025.1 -17025.1 -17025.1 -17025.1 -17025.1 -17025.1 -17025.1 -17025.1 -17025.1 -17025.1 -17025.1 -17025.1 -17025.1 -17025.1 -17025.1 -17025.1 -17025.1 -17025.1 -17025.1 -17025.1 -17025.1 -17025.1 -17025.1 -17025.1 -17025.1 -17025.1 -17025.1 -17025.1 -17025.1 -17025.1 -17025.1 -17025.1 -17025.1 -17025.1 -17025.1 -17025.1 -17025.1 -17025.1 -17025.1 -17025.1 -17025.1 -17025.1 -17025.1 -17025.1 -17025.1 -17025.1 -17025.1 -17025.1 -17025.1 -17025.1 -17025.1 -17025.1 -17025.1 -17025.1 -17025.1 -17025.1 -17025.1 -17025.1 -17025.1 -17025.1 -17025.1 -17025.1 -17025.1 -17025.1 -17025.1 -17025.1 -17025.1 -17025.1 -17025.1 -17025.1 -17025.1 -17025.1 -17025.1 -17025.1 -17025.1 -17025.1 -17025.1 -17025.1 -17025.1 -17025.1 -17025.1 -17025.1 -17025.1 -17025.1 -17025.1 -17025.1 -17025.1 -17025.1 -17025.1 -17025.1 -17025.1 -17025.1 -17025.1 -17025.1 -17025.1 -17025.1 -17025.1 -17025.1 -17025.1 -17025.1 -17025.1 -17025.1 -17025.1 -17025.1 -17025.1 -17025.1 -17025.1 -17025.1 -17025.1 -17025.1 -17025.1 -17025.1 -17025.1 -17025.1 -17025.1 -17025.1 -17025.1 -17025.1 -17025.1 -17025.1 -17025.1 -17025.1 -17025.1 -17025.1 -17025.1 -17025.1 -17025.1 -17025.1 -17025.1 -17025.1 -17025.1 -17025.1 -17025.1 -17025.1 -17025.1 -17025.1 -17025.1 -17025.1 -17025.1 -17025.1 -17025.1 -17025.1 -17025.1 -17025.1 -17025.1 -17025.1 -17025.1 -17025.1 -17025.1 -17025.1 -17025.1 -17025.1 -17025.1 -17025.1 -17025.1 -17025.1 -17025.1 -17025.1 -17025.1 -17025.1 -17025.1 -17025.1 -17025.1 -17025.1 -17025.1 -17025.1 -17025.1 -17025.1 -17025.1 -17025.1 -17025.1 -17025.1 -17025.1 -17025.1 -17025.1 -17025.1 -17025.1 -17025.1 -17025.1 -17025.1 -17025.1 -17025.1 -17025.1 -17025.1 -17025.1 -17025.1 -17025.1 -17025.1 -17025.1 -17025.1 -17025.1 -17025.1 -17025.1 -17025.1 -17025.1 -17025.1 -17025.1 -17025.1 -17025.1 -17025.1 -17025.1 -17025.1 -17025.1 -17025.1 -17025.1 -17025.1 -17025.1 -17025.1 -17025.1 -17025.1 -17025.1 -17025.1 -17025.1 -17025.1 -17025.1 -17025.1 -17025.1 -17025.1 -17025.1 -17025.1 -17025.1 -17025.1 -17025.1 -17025.1 -17025.1 -17025.1 -17025.1 -17025.1 -17025.1 -17025.1 -17025.1 -17025.1 -17025.1 -17025.1 -17025.1 -17025.1 -17025.1 -17025.1 -17025.1 -17025.1 -17025.1 -17025.1 -17025.1 -17025.1 -17025.1 -17025.1 -17025.1 -17025.1 -17025.1 -17025.1 -17025.1 -17025.1 -17025.1 -17025.1 -17025.1 -17025.1 -17025.1 -17025.1 -17025.1 -17025.1 -17025.1 -17025.1 -17025.1 -17025.1 -17025.1 -17025.1 -17025.1 -17025.1 -17025.1 -17025.1 -17025.1 -17025.1 -17025.1 -17025.1 -17025.1 -17025.1 -17025.1 -17025.1 -17025.1 -17025.1 -17025.1 -17025.1 -17025.1 -17025.1 -17025.1 -17025.1 -17025.1 -17025.1 -17025.1 -17025.1 -17025.1 -17025.1 -17025.1 -17025.1 -17025.1 -17025.1 -17025.1 -17025.1 -17025.1 -17025.1 -17025.1 -17025.1 -17025.1 -17025.1 -17025.1 -17025.1 -17025.1 -17025.1 -17025.1 -17025.1 -17025.1 -17025.1 -17025.1 -17025.1 -17025.1 -17025.1 -17025.1 -17025.1 -17025.1 -17025.1 -17025.1 -17025.1 -17025.1 -17025.1 -17025.1 -17025.1 -17025.1 -17025.1 -17025.1 -17025.1 -17025.1 -17025.1 -17025.1 -17025.1 -17025.1 -17025.1 -17025.1 -17025.1 -17025.1 -17025.1 -17025.1 -17025.1 -17025.1 -17025.1 -17025.1 -17025.1 -17025.1 -17025.1 -17025.1 -17025.1 -17025.1 -17025.1 -17025.1 -17025.1 -17025.1 -17025.1 -17025.1 -17025.1 -17025.1 -17025.1 -17025.1 -17025.1 -17025.1 -17025.1 -17025.1 -17025.1 -17025.1 -17025.1 -17025.1 -17025.1 -17025.1 -17025.1 -17025.1 -17025.1 -17025.1 -17025.1 -17025.1 -17025.1 -17025.1 -17025.1 -17025.1 -17025.1 -17025.1 -17025.1 -17025.1 -17025.1 -17025.1 -17025.1 -17025.1 -17025.1 -17025.1 -17025.1 -17025.1 -17025.1 -17025.1 -17025.1 -17025.1 -17025.1 -17025.1 -17025.1 -17025.1 -17025.1 -17025.1 -17025.1 -17025.1 -17025.1 -17025.1 -17025.1 -17025.1 -17025.1 -17025.1 -17025.1 -17025.1 -17025.1 -17025.1 -17025.1 -17025.1 -17025.1 -17025.1 -17025.1 -17025.1 -17025.1 -17025.1 -17025.1 -17025.1 -17025.1 -17025.1 -17025.1 -17025.1 -17025.1 -17025.1 -17025.1 -17025.1 -17025.1 -17025.1 -17025.1 -17025.1 -17025.1 -17025.1 -17025.1 -17025.1 -17025.1 -17025.1 -17025.1 -17025.1 -17025.1 -17025.1 -17025.1 -17025.1 -17025.1 -17025.1 -17025.1 -17025.1 -17025.1 -17025.1 -17025.1 -17025.1 -17025.1 -17025.1 -17025.1 -17025.1 -17025.1 -17025.1 -17025.1 -17025.1 -17025.1 -17025.1 -17025.1 -17025.1 -17025.1 -17025.1 -17025.1 -17025.1 -17025.1 -17025.1 -17025.1 -17025.1 -17025.1 -17025.1 -17025.1 -17025.1 -17025.1 -17025.1 -17025.1 -17025.1 -17025.1 -17025.1 -17025.1 -17025.1 -17025.1 -17025.1 -17025.1 -17025.1 -17025.1 -17025.1 -17025.1 -17025.1 -17025.1 -17025.1 -17025.1 -17025.1 -17025.1 -17025.1 -17025.1 -17025.1 -17025.1 -17025.1 -17025.1 -17025.1 -17025.1 -17025.1 -17025.1 -17025.1 -17025.1 -17025.1 -17025.1 -17025.1 -17025.1 -17025.1 -17025.1 -17025.1 -17025.1 -17025.1 -17025.1 -17025.1 -17025.1 -17025.1 -17025.1 -17025.1 -17025.1 -17025.1 -17025.1 -17025.1 -17025.1 -17025.1 -17025.1 -17025.1 -17025.1 -17025.1 -17025.1 -17025.1 -17025.1 -17025.1 -17025.1 -17025.1 -17025.1 -17025.1 -17025.1 -17025.1 -17025.1 -17025.1 -17025.1 -17025.1 -17025.1 -17025.1 -17025.1 -17025.1 -17025.1 -17025.1 -17025.1 -17025.1 -17025.1 -17025.1 -17025.1 -17025.1 -17025.1 -17025.1 -17025.1 -17025.1 -17025.1 -17025.1 -17025.1 -17025.1 -17025.1 -17025.1 -17025.1 -17025.1 -17025.1 -17025.1 -17025.1 -17025.1 -17025.1 -17025.1 -17025.1 -17025.1 -17025.1 -17025.1 -17025.1 -17025.1 -17025.1 -17025.1 -17025.1 -17025.1 -17025.1 -17025.1 -17025.1 -17025.1 -17025.1 -17025.1 -17025.1 -17025.1 -17025.1 -17025.1 -17025.1 -17025.1 -17025.1 -17025.1 -17025.1 -17025.1 -17025.1 -17025.1 -17025.1 -17025.1 -17025.1 -17025.1 -17025.1 -17025.1 -17025.1 -17025.1 -17025.1 -17025.1 -17025.1 -17025.1 -17025.1 -17025.1 -17025.1 -17025.1 -17025.1 -17025.1 -17025.1 -17025.1 -17025.1 -17025.1 -17025.1 -17025.1 -17025.1 -17025.1 -17025.1 -17025.1 -17025.1 -17025.1 -17025.1 -17025.1 -17025.1 -17025.1 -17025.1 -17025.1 -17025.1 -17025.1 -17025.1 -17025.1 -17025.1 -17025.1 -17025.1 -17025.1 -17025.1 -17025.1 -17025.1 -17025.1 -17025.1 -17025.1 -17025.1 -17025.1 -17025.1 -17025.1 -17025.1 -17025.1 -17025.1 -17025.1 -17025.1 -17025.1 -17025.1 -17025.1 -17025.1 -17025.1 -17025.1 -17025.1 -17025.1 -17025.1 -17025.1 -17025.1 -17025.1 -17025.1 -17025.1 -17025.1 -17025.1 -17025.1 -17025.1 -17025.1 -17025.1 -17025.1 -17025.1 -17025.1 -17025.1 -17025.1 -17025.1 -17025.1 -17025.1 -17025.1 -17025.1 -17025.1 -17025.1 -17025.1 -17025.1 -17025.1 -17025.1 -17025.1 -17025.1 -17025.1 -17025.1 -17025.1 -17025.1 -17025.1 -17025.1 -17025.1 -17025.1 -17025.1 -17025.1 -17025.1 -17025.1 -17025.1 -17025.1 -17025.1 -17025.1 -17025.1 -17025.1 -17025.1 -17025.1 -17025.1 -17025.1 -17025.1 -17025.1 -17025.1 -17025.1 -17025.1 -17025.1 -17025.1 -17025.1 -17025.1 -17025.1 -17025.1 -17025.1 -17025.1 -17025.1 -17025.1 -17025.1 -17025.1 -17025.1 -17025.1 -17025.1 -17025.1 -17025.1 -17025.1 -17025.1 -17025.1 -17025.1 -17025.1 -17025.1 -17025.1 -17025.1 -17025.1 -17025.1 -17025.1 -17025.1 -17025.1 -17025.1 -17025.1 -17025.1 -17025.1 -17025.1 -17025.1 -17025.1 -17025.1 -17025.1 -17025.1 -17025.1 -17025.1 -17025.1 -17025.1 -17025.1 -17025.1 -17025.1 -17025.1 -17025.1 -17025.1 -17025.1 -17025.1 -17025.1 -17025.1 -17025.1 -17025.1 -17025.1 -17025.1 -17025.1 -17025.1 -17025.1 -17025.1 -17025.1 -17025.1 -17025.1 -17025.1 -17025.1 -17025.1 -17025.1 -17025.1 -17025.1 -17025.1 -17025.1 -17025.1 -17025.1 -17025.1 -17025.1 -17025.1 -17025.1 -17025.1 -17025.1 -17025.1 -17025.1 -17025.1 -17025.1 -17025.1 -17025.1 -17025.1 -17025.1 -17025.1 -17025.1 -17025.1 -17025.1 -17025.1 -17025.1 -17025.1 -17025.1 -17025.1 -17025.1 -17025.1 -17025.1 -17025.1 -17025.1 -17025.1 -17025.1 -17025.1 -17025.1 -17025.1 -17025.1 -17025.1 -17025.1 -17025.1 -17025.1 -17025.1 -17025.1 -17025.1 -17025.1 -17025.1 -17025.1 -17025.1 -17025.1 -17025.1 -17025.1 -17025.1 -17025.1 -17025.1 -17025.1 -17025.1 -17025.1 -17025.1 -17025.1 -17025.1 -17025.1 -17025.1 -17025.1 -17025.1 -17025.1 -17025.1 -17025.1 -17025.1 -17025.1 -17025.1 -17025.1 -17025.1 -17025.1 -17025.1 -17025.1 -17025.1 -17025.1 -17025.1 -17025.1 -17025.1 -17025.1 -17025.1 -17025.1 -17025.1 -17025.1 -17025.1 -17025.1 -17025.1 -17025.1 -17025.1 -17025.1 -17025.1 -17025.1 -17025.1 -17025.1 -17025.1 -17025.1 -17025.1 -17025.1 -17025.1 -17025.1 -17025.1 -17025.1 -17025.1 -17025.1 -17025.1 -17025.1 -17025.1 -17025.1 -17025.1 -17025.1 -17025.1 -17025.1 -17025.1 -17025.1 -17025.1 -17025.1 -17025.1 -17025.1 -17025.1 -17025.1 -17025.1 -17025.1 -17025.1 -17025.1 -17025.1 -17025.1 -17025.1 -17025.1 -17025.1 -17025.1 -17025.1 -17025.1 -17025.1 -17025.1 -17025.1 -17025.1 -17025.1 -17025.1 -17025.1 -17025.1 -17025.1 -17025.1 -17025.1 -17025.1 -17025.1 -17025.1 -17025.1 -17025.1 -17025.1 -17025.1 -17025.1 -17025.1 -17025.1 -17025.1 -17025.1 -17025.1 -17025.1 -17025.1 -17025.1 -17025.1 -17025.1 -17025.1 -17025.1 -17025.1 -17025.1 -17025.1 -17025.1 -17025.1 -17025.1 -17025.1 -17025.1 -17025.1 -17025.1 -17025.1 -17025.1 -17025.1 -17025.1 -17025.1 -17025.1 -17025.1 -17025.1 -17025.1 -17025.1 -17025.1 -17025.1 -17025.1 -17025.1 -17025.1 -17025.1 -17025.1 -17025.1 -17025.1 -17025.1 -17025.1 -17025.1 -17025.1 -17025.1 -17025.1 -17025.1 -17025.1 -17025.1 -17025.1 -17025.1 -17025.1 -17025.1 -17025.1 -17025.1 -17025.1 -17025.1 -17025.1 -17025.1 -17025.1 -17025.1 -17025.1 -17025.1 -17025.1 -17025.1 -17025.1 -17025.1 -17025.1 -17025.1 -17025.1 -17025.1 -17025.1 -17025.1 -17025.1 -17025.1 -17025.1 -17025.1 -17025.1 -17025.1 -17025.1 -17025.1 -17025.1 -17025.1 -17025.1 -17025.1 -17025.1 -17025.1 -17025.1 -17025.1 -17025.1 -17025.1 -17025.1 -17025.1 -17025.1 -17025.1 -17025.1 -17025.1 -17025.1 -17025.1 -17025.1 -17025.1 -17025.1 -17025.1 -17025.1 -17025.1 -17025.1 -17025.1 -17025.1 -17025.1 -17025.1 -17025.1 -17025.1 -17025.1 -17025.1 -17025.1 -17025.1 -17025.1 -17025.1 -17025.1 -17025.1 -17025.1 -17025.1 -17025.1 -17025.1 -17025.1 -17025.1 -17025.1 -17025.1 -17025.1 -17025.1 -17025.1 -17025.1 -17025.1 -17025.1 -17025.1 -17025.1 -17025.1 -17025.1 -17025.1 -17025.1 -17025.1 -17025.1 -17025.1 -17025.1 -17025.1 -17025.1 -17025.1 -17025.1 -17025.1 -17025.1 -17025.1 -17025.1 -17025.1 -17025.1 -17025.1 -17025.1 -17025.1 -17025.1 -17025.1 -17025.1 -17025.1 -17025.1 -17025.1 -17025.1 -17025.1 -17025.1 -17025.1 -17025.1 -17025.1 -17025.1 -17025.1 -17025.1 -17025.1 -17025.1 -17025.1 -17025.1 -17025.1 -17025.1 -17025.1 -17025.1 -17025.1 -17025.1 -17025.1 -17025.1 -17025.1 -17025.1 -17025.1 -17025.1 -17025.1 -17025.1 -17025.1 -17025.1 -17025.1 -17025.1 -17025.1 -17025.1 -17025.1 -17025.1 -17025.1 -17025.1 -17025.1 -17025.1 -17025.1 -17025.1 -17025.1 -17025.1 -17025.1 -17025.1 -17025.1 -17025.1 -17025.1 -17025.1 -17025.1 -17025.1 -17025.1 -17025.1 -17025.1 -17025.1 -17025.1 -17025.1 -17025.1 -17025.1 -17025.1 -17025.1 -17025.1 -17025.1 -17025.1 -17025.1 -17025.1 -17025.1 -17025.1 -17025.1 -17025.1 -17025.1 -17025.1 -17025.1 -17025.1 -17025.1 -17025.1 -17025.1 -17025.1 -17025.1 -17025.1 -17025.1 -17025.1 -17025.1 -17025.1 -17025.1 -17025.1 -17025.1 -17025.1 -17025.1 -17025.1 -17025.1 -17025.1 -17025.1 -17025.1 -17025.1 -17025.1 -17025.1 -17025.1 -17025.1 -17025.1 -17025.1 -17025.1 -17025.1 -17025.1 -17025.1 -17025.1 -17025.1 -17025.1 -17025.1 -17025.1 -17025.1 -17025.1 -17025.1 -17025.1 -17025.1 -17025.1 -17025.1 -17025.1 -17025.1 -17025.1 -17025.1 -17025.1 -17025.1 -17025.1 -17025.1 -17025.1 -17025.1 -17025.1 -17025.1 -17025.1 -17025.1 -17025.1 -17025.1 -17025.1 -17025.1 -17025.1 -17025.1 -17025.1 -17025.1 -17025.1 -17025.1 -17025.1 -17025.1 -17025.1 -17025.1 -17025.1 -17025.1 -17025.1 -17025.1 -17025.1 -17025.1 -17025.1 -17025.1 -17025.1 -17025.1 -17025.1 -17025.1 -17025.1 -17025.1 -17025.1 -17025.1 -17025.1 -17025.1 -17025.1 -17025.1 -17025.1 -17025.1 -17025.1 -17025.1 -17025.1 -17025.1 -17025.1 -17025.1 -17025.1 -17025.1 -17025.1 -17025.1 -17025.1 -17025.1 -17025.1 -17025.1 -17025.1 -17025.1 -17025.1 -17025.1 -17025.1 -17025.1 -17025.1 -17025.1 -17025.1 -17025.1 -17025.1 -17025.1 -17025.1 -17025.1 -17025.1 -17025.1 -17025.1 -17025.1 -17025.1 -17025.1 -17025.1 -17025.1 -17025.1 -17025.1 -17025.1 -35500.7 -35500.7 -35500.7 -35500.7 -52582.5 -52582.5 -52582.5 -52582.5 -52582.5 -52582.5 -54941.2 -54941.2 -54941.2 -54941.2 -54941.2 -54941.2 -54941.2 -54941.2 -54941.2 -54941.2 -55046.6 -55046.6 -56642.4 -56642.4 -56745.1 -56745.1 -59222.0 -59222.0 -59222.0 -59222.0 -59222.0 -59222.0 -59222.0 -59222.0 -59222.0 -59222.0 -59222.0 -59222.0 -59222.0 -59222.0 -59222.0 -59222.0 -59222.0 -59222.0 -59222.0 -59222.0 -59529.1 -59529.1 -59672.8 -59672.8 -59683.4 -59683.4 -59683.4 -59683.4 -59683.4 -59683.4 -59683.4 -59800.3 -59800.3 -59903.1 -60013.6 -60013.6 -60013.6 -60013.6 -60163.2 -60163.2 -60163.2 -60163.2 -60163.2 -60172.4 -60172.4 -60172.4 -60172.4 -60172.4 -60172.4 -60172.4 -60172.4 -60172.4 -60172.4 -60172.4 -60172.4 -60172.4 -60172.4 -60172.4 -60172.4 -60172.4 -60172.4 -60172.4 -60172.4 -60172.4 -60172.4 -60172.4 -60172.4 -60172.4 -60172.4 -60172.4 -60172.4 -60172.4 -60172.4 -60172.4 -60172.4 -60172.4 -60172.4 -60172.4 -60172.4 -60172.4 -60172.4 -60172.4 -60172.4 -60172.4 -60172.4 -60172.4 -60172.4 -60172.4 -60172.4 -60172.4 -60172.4 -60172.4 -60172.4 -60172.4 -60172.4 -60172.4 -60172.4 -60172.4 -60172.4 -60172.4 -60172.4 -60172.4 -60172.4 -60172.4 -60172.4 -60172.4 -60172.4 -60172.4 -60172.4 -60172.4 -60172.4 -60172.4 -60172.4 -60172.4 -60172.4 -60172.4 -60172.4 -60172.4 -60172.4 -60172.4 -60172.4 -60172.4 -60172.4 -60172.4 -60172.4 -60172.4 -60172.4 -60172.4 -60172.4 -60172.4 -60172.4 -60172.4 -60172.4 -60172.4 -60172.4 -60172.4 -60172.4 -60172.4 -60172.4 -60172.4 -60172.4 -60172.4 -60172.4 -60172.4 -60172.4 -60172.4 -60172.4 -60172.4 -60172.4 -60172.4 -60172.4 -60172.4 -60172.4 -60172.4 -60172.4 -60172.4 -60172.4 -60172.4 -60172.4 -60172.4 -60172.4 -60172.4 -60172.4 -60172.4 -60172.4 -60172.4 -60172.4 -60172.4 -60172.4 -60172.4 -60172.4 -60172.4 -60172.4 -60172.4 -60172.4 -60172.4 -60172.4 -60172.4 -60172.4 -60172.4 -60172.4 -60172.4 -60172.4 -60172.4 -60172.4 -60172.4 -60172.4 -60172.4 -60172.4 -60172.4 -60172.4 -60172.4 -60172.4 -60172.4 -60172.4 -60172.4 -60172.4 -60172.4 -60172.4 -60172.4 -60172.4 -60172.4 -60172.4 -60172.4 -60172.4 -60172.4 -60172.4 -60172.4 -60172.4 -60172.4 -60172.4 -60172.4 -60172.4 -60172.4 -60172.4 -60172.4 -60172.4 -60172.4 -60172.4 -60172.4 -60172.4 -60172.4 -60172.4 -60172.4 -60172.4 -60172.4 -60172.4 -60172.4 -60172.4 -60172.4 -60172.4 -60172.4 -60172.4 -60172.4 -60172.4 -60172.4 -60172.4 -60172.4 -60172.4 -60172.4 -60172.4 -60172.4 -60172.4 -60172.4 -60172.4 -60172.4 -60172.4 -60172.4 -60172.4 -60172.4 -60172.4 -60172.4 -60172.4 -60172.4 -60172.4 -60172.4 -60172.4 -60172.4 -60172.4 -60172.4 -60172.4 -60172.4 -60172.4 -60172.4 -60172.4 -60172.4 -60172.4 -60172.4 -60172.4 -60172.4 -60172.4 -60172.4 -60172.4 -60172.4 -60172.4 -60172.4 -60172.4 -60172.4 -60172.4 -60172.4 -60172.4 -60172.4 -60172.4 -60172.4 -60172.4 -60172.4 -60172.4 -60172.4 -60172.4 -60172.4 -60172.4 -60172.4 -60172.4 -60172.4 -60172.4 -60172.4 -60172.4 -60172.4 -60172.4 -60172.4 -60172.4 -60172.4 -60172.4 -60172.4 -60172.4 -60172.4 -60172.4 -60172.4 -60172.4 -60172.4 -60172.4 -60172.4 -60172.4 -60172.4 -60172.4 -60172.4 -60172.4 -60172.4 -60172.4 -60172.4 -60172.4 -60172.4 -60172.4 -60172.4 -60172.4 -60172.4 -60172.4 -60172.4 -60172.4 -60172.4 -60172.4 -60172.4 -60172.4 -60172.4 -60172.4 -60172.4 -60172.4 -60172.4 -60172.4 -60172.4 -60172.4 -60172.4 -60172.4 -60172.4 -60172.4 -60172.4 -60172.4 -60172.4 -60172.4 -60172.4 -60172.4 -60172.4 -60172.4 -60172.4 -60172.4 -60172.4 -60172.4 -60172.4 -60172.4 -60172.4 -60172.4 -60172.4 -60172.4 -60172.4 -60172.4 -60172.4 -60172.4 -60172.4 -60172.4 -60172.4 -60172.4 -60172.4 -60172.4 -60172.4 -60172.4 -60172.4 -60172.4 -60172.4 -60172.4 -60172.4 -60172.4 -60172.4 -60172.4 -60172.4 -60172.4 -60172.4 -60172.4 -60172.4 -60172.4 -60172.4 -60172.4 -60172.4 -60172.4 -60172.4 -60172.4 -60172.4 -60172.4 -60172.4 -60172.4 -60172.4 -60172.4 -60172.4 -60172.4 -60172.4 -60172.4 -60172.4 -60172.4 -60172.4 -60172.4 -60172.4 -60172.4 -60172.4 -60172.4 -60172.4 -60172.4 -60172.4 -60172.4 -60172.4 -60172.4 -60172.4 -60172.4 -60172.4 -60172.4 -60172.4 -60172.4 -60172.4 -60172.4 -60172.4 -60172.4 -60172.4 -60172.4 -60172.4 -60172.4 -60172.4 -60172.4 -60172.4 -60172.4 -60172.4 -60172.4 -60172.4 -60172.4 -60172.4 -60172.4 -60172.4 -60172.4 -60172.4 -60172.4 -60172.4 -60172.4 -60172.4 -60172.4 -60172.4 -60172.4 -60172.4 -60172.4 -60172.4 -60172.4 -60172.4 -60172.4 -60172.4 -60172.4 -60172.4 -60172.4 -60172.4 -60172.4 -60172.4 -60172.4 -60172.4 -60172.4 -60172.4 -60172.4 -60172.4 -60172.4 -60172.4 -60172.4 -60172.4 -60172.4 -60172.4 -60172.4 -60172.4 -60172.4 -60172.4 -60172.4 -60172.4 -60172.4 -60172.4 -60172.4 -60172.4 -60172.4 -60172.4 -60172.4 -60172.4 -60172.4 -60172.4 -60172.4 -60172.4 -60172.4 -60172.4 -60172.4 -60172.4 -60172.4 -60172.4 -60172.4 -60172.4 -60172.4 -60172.4 -60172.4 -60172.4 -60172.4 -60172.4 -60172.4 -60172.4 -60172.4 -60172.4 -60172.4 -60172.4 -60172.4 -60172.4 -60172.4 -60172.4 -60172.4 -60172.4 -60172.4 -60172.4 -60172.4 -60172.4 -60172.4 -60172.4 -60172.4 -60172.4 -60172.4 -60172.4 -60172.4 -60172.4 -60172.4 -60172.4 -60172.4 -60172.4 -60172.4 -60172.4 -60172.4 -60172.4 -60172.4 -60172.4 -60172.4 -60172.4 -60172.4 -60172.4 -60172.4 -60172.4 -60172.4 -60172.4 -60172.4 -60172.4 -60172.4 -60172.4 -60172.4 -60172.4 -60172.4 -60172.4 -60172.4 -60172.4 -60172.4 -60172.4 -60172.4 -60172.4 -60172.4 -60172.4 -60172.4 -60172.4 -60172.4 -60172.4 -60172.4 -60172.4 -60172.4 -60172.4 -60172.4 -60172.4 -60172.4 -60172.4 -60172.4 -60197.0 -60197.0 -60197.0 -60197.0 -60197.0 -60197.0 -60197.0 -60197.0 -60197.0 -60197.0 -60197.0 -60197.0 -60197.0 -60197.0 -60197.0 -60197.0 -60197.0 -60197.0 -60197.0 -60197.0 -60197.0 -60197.0 -60197.0 -60197.0 -60197.0 -60197.0 -60197.0 -60197.0 -60197.0 -60197.0 -60197.0 -60197.0 -60197.0 -60197.0 -60197.0 -60197.0 -60197.0 -60197.0 -60197.0 -60197.0 -60197.0 -60197.0 -60197.0 -60197.0 -60197.0 -60197.0 -60197.0 -60197.0 -60197.0 -60197.0 -60197.0 -60197.0 -60197.0 -60197.0 -60197.0 -60197.0 -60197.0 -60197.0 -60197.0 -60197.0 -60197.0 -60197.0 -60197.0 -60197.0 -60197.0 -60197.0 -60197.0 -60197.0 -60197.0 -60197.0 -60197.0 -60197.0 -60197.0 -60197.0 -60197.0 -60197.0 -60197.0 -60197.0 -60197.0 -60197.0 -60197.0 -60197.0 -60197.0 -60197.0 -60197.0 -60197.0 -60197.0 -60197.0 -60197.0 -60197.0 -60197.0 -60197.0 -60197.0 -60197.0 -60197.0 -60197.0 -60197.0 -60197.0 -60197.0 -60197.0 -60197.0 -60197.0 -60197.0 -60197.0 -60197.0 -60197.0 -60197.0 -60197.0 -60197.0 -60197.0 -60197.0 -60197.0 -60197.0 -60197.0 -60197.0 -60197.0 -60197.0 -60197.0 -60197.0 -60197.0 -60197.0 -60197.0 -60197.0 -60197.0 -60197.0 -60197.0 -60197.0 -60197.0 -60197.0 -60197.0 -60197.0 -60197.0 -60197.0 -60197.0 -60197.0 -60197.0 -60197.0 -60197.0 -60197.0 -60197.0 -60197.0 -60197.0 -60197.0 -60197.0 -60197.0 -60197.0 -60197.0 -60197.0 -60197.0 -60197.0 -60197.0 -60197.0 -60197.0 -60197.0 -60197.0 -60197.0 -60197.0 -60197.0 -60197.0 -60197.0 -60197.0 -60197.0 -60197.0 -60197.0 -60197.0 -60197.0 -60197.0 -60197.0 -60197.0 -60197.0 -60197.0 -60197.0 -60197.0 -60197.0 -60197.0 -60197.0 -60197.0 -60197.0 -60197.0 -60197.0 -60197.0 -60197.0 -60197.0 -60197.0 -60197.0 -60197.0 -60197.0 -60197.0 -60197.0 -60197.0 -60197.0 -60197.0 -60197.0 -60197.0 -60197.0 -60197.0 -60197.0

================ RESULT ================
rule               : prodigy  (mesh=delaunay)
n_starts/steps/batch: 16/3000/4  resurrect=True
log_det=cholesky  fix_reg=0.316
wall_s             : 30333.7
max log likelihood : 30202.061
einstein_radius    : 1.6002   (truth 1.6, Nautilus mode 0.962)
in truth basin     : True   (slack tol — converged-sampler logL is the real bar)
bar (Nautilus)     : 19982.3
bar (truth-point)  : 30078.7   (upper reference)
steps to bar       : 98
total_steps        : 3000
n_resurrections    : 120
stop_reason        : max_steps
=======================================

fom_history (best -2logP per step): 119745.7 119742.3 119738.9 119735.5 119732.1 119727.7 119721.3 119712.3 119695.7 119673.0 119638.0 119611.5 119533.4 119426.0 119279.6 119068.7 118756.7 118353.8 118353.8 117818.2 116549.3 115356.3 113248.5 113248.5 108044.0 106445.6 105241.5 105241.5 105241.5 105241.5 105241.5 105241.5 105241.5 105241.5 103751.1 101851.3 101851.3 97041.7 81228.5 64943.9 24115.4 15827.2 12995.5 7895.5 -2491.3 -2491.3 -2491.3 -2491.3 -2491.3 -2491.3 -2491.3 -2491.3 -2491.3 -2491.3 -2491.3 -2491.3 -2491.3 -2491.3 -2491.3 -2491.3 -2491.3 -2491.3 -2491.3 -2491.3 -2491.3 -2491.3 -2491.3 -2491.3 -2491.3 -2491.3 -2491.3 -2491.3 -2491.3 -5331.2 -6748.9 -13714.3 -15648.0 -15648.0 -15648.0 -15648.0 -15648.0 -15648.0 -15648.0 -15648.0 -15648.0 -15648.0 -16591.3 -16591.3 -16591.3 -16591.3 -16591.3 -16591.3 -16591.3 -16591.3 -16591.3 -16591.3 -16591.3 -16591.3 -40840.6 -40840.6 -40840.6 -40840.6 -40840.6 -40840.6 -40840.6 -40840.6 -40840.6 -40840.6 -40840.6 -40840.6 -40840.6 -40840.6 -47779.1 -57213.8 -57213.8 -57213.8 -57213.8 -57213.8 -57213.8 -57213.8 -57213.8 -57213.8 -57213.8 -57984.7 -57984.7 -57984.7 -57984.7 -57984.7 -57984.7 -57984.7 -57984.7 -57984.7 -57984.7 -58615.1 -59320.6 -59320.6 -59320.6 -59320.6 -59652.2 -59652.2 -59652.2 -59652.2 -59652.2 -59652.2 -59652.2 -59652.2 -59652.2 -59756.0 -59756.0 -59756.0 -59756.0 -59847.9 -60097.7 -60097.7 -60097.7 -60097.7 -60097.7 -60097.7 -60097.7 -60097.7 -60097.7 -60108.3 -60251.6 -60323.6 -60323.6 -60323.6 -60323.6 -60323.6 -60323.6 -60323.6 -60323.6 -60323.6 -60323.6 -60323.6 -60323.6 -60323.6 -60323.6 -60323.6 -60323.6 -60323.6 -60323.6 -60323.6 -60323.6 -60323.6 -60323.6 -60323.6 -60323.6 -60323.6 -60323.6 -60323.6 -60323.6 -60323.6 -60323.6 -60323.6 -60393.4 -60393.4 -60393.4 -60393.4 -60393.4 -60393.4 -60393.4 -60393.4 -60393.4 -60393.4 -60393.4 -60393.4 -60393.4 -60393.4 -60393.4 -60393.4 -60393.4 -60393.4 -60393.4 -60393.4 -60393.4 -60393.4 -60393.4 -60393.4 -60393.4 -60393.4 -60393.4 -60393.4 -60393.4 -60393.4 -60393.4 -60393.4 -60393.4 -60393.4 -60393.4 -60393.4 -60393.4 -60393.4 -60393.4 -60393.4 -60393.4 -60393.4 -60393.4 -60393.4 -60393.4 -60393.4 -60393.4 -60393.4 -60393.4 -60393.4 -60393.4 -60393.4 -60393.4 -60393.4 -60393.4 -60393.4 -60393.4 -60393.4 -60393.4 -60393.4 -60393.4 -60393.4 -60393.4 -60393.4 -60393.4 -60393.4 -60393.4 -60393.4 -60393.4 -60393.4 -60393.4 -60393.4 -60393.4 -60393.4 -60393.4 -60393.4 -60393.4 -60393.4 -60393.4 -60393.4 -60393.4 -60393.5 -60400.9 -60401.1 -60401.1 -60401.1 -60401.1 -60401.8 -60404.1 -60404.1 -60404.1 -60404.1 -60404.1 -60404.1 -60404.1 -60404.1 -60404.1 -60404.1 -60404.1 -60404.1 -60404.1 -60404.1 -60404.1 -60404.1 -60404.1 -60404.1 -60404.1 -60404.1 -60404.1 -60404.1 -60404.1 -60404.1 -60404.1 -60404.1 -60404.1 -60404.1 -60404.1 -60404.1 -60404.1 -60404.1 -60404.1 -60404.1 -60404.1 -60404.1 -60404.1 -60404.1 -60404.1 -60404.1 -60404.1 -60404.1 -60404.1 -60404.1 -60404.1 -60404.1 -60404.1 -60404.1 -60404.1 -60404.1 -60404.1 -60404.1 -60404.1 -60404.1 -60404.1 -60404.1 -60404.1 -60404.1 -60404.1 -60404.1 -60404.1 -60404.1 -60404.1 -60404.1 -60404.1 -60404.1 -60404.1 -60404.1 -60404.1 -60404.1 -60404.1 -60404.1 -60404.1 -60404.1 -60404.1 -60404.1 -60404.1 -60404.1 -60404.1 -60404.1 -60404.1 -60404.1 -60404.1 -60404.1 -60404.1 -60404.1 -60404.1 -60404.1 -60404.1 -60404.1 -60404.1 -60404.1 -60404.1 -60404.1 -60404.1 -60404.1 -60404.1 -60404.1 -60404.1 -60404.1 -60404.1 -60404.1 -60404.1 -60404.1 -60404.1 -60404.1 -60404.1 -60404.1 -60404.1 -60404.1 -60404.1 -60404.1 -60404.1 -60404.1 -60404.1 -60404.1 -60404.1 -60404.1 -60404.1 -60404.1 -60404.1 -60404.1 -60404.1 -60404.1 -60404.1 -60404.1 -60404.1 -60404.1 -60404.1 -60404.1 -60404.1 -60404.1 -60404.1 -60404.1 -60404.1 -60404.1 -60404.1 -60404.1 -60404.1 -60404.1 -60404.1 -60404.1 -60404.1 -60404.1 -60404.1 -60404.1 -60404.1 -60404.1 -60404.1 -60404.1 -60404.1 -60404.1 -60404.1 -60404.1 -60404.1 -60404.1 -60404.1 -60404.1 -60404.1 -60404.1 -60404.1 -60404.1 -60404.1 -60404.1 -60404.1 -60404.1 -60404.1 -60404.1 -60404.1 -60404.1 -60404.1 -60404.1 -60404.1 -60404.1 -60404.1 -60404.1 -60404.1 -60404.1 -60404.1 -60404.1 -60404.1 -60404.1 -60404.1 -60404.1 -60404.1 -60404.1 -60404.1 -60404.1 -60404.1 -60404.1 -60404.1 -60404.1 -60404.1 -60404.1 -60404.1 -60404.1 -60404.1 -60404.1 -60404.1 -60404.1 -60404.1 -60404.1 -60404.1 -60404.1 -60404.1 -60404.1 -60404.1 -60404.1 -60404.1 -60404.1 -60404.1 -60404.1 -60404.1 -60404.1 -60404.1 -60404.1 -60404.1 -60404.1 -60404.1 -60404.1 -60404.1 -60404.1 -60404.1 -60404.1 -60404.1 -60404.1 -60404.1 -60404.1 -60404.1 -60404.1 -60404.1 -60404.1 -60404.1 -60404.1 -60404.1 -60404.1 -60404.1 -60404.1 -60404.1 -60404.1 -60404.1 -60404.1 -60404.1 -60404.1 -60404.1 -60404.1 -60404.1 -60404.1 -60404.1 -60404.1 -60404.1 -60404.1 -60404.1 -60404.1 -60404.1 -60404.1 -60404.1 -60404.1 -60404.1 -60404.1 -60404.1 -60404.1 -60404.1 -60404.1 -60404.1 -60404.1 -60404.1 -60404.1 -60404.1 -60404.1 -60404.1 -60404.1 -60404.1 -60404.1 -60404.1 -60404.1 -60404.1 -60404.1 -60404.1 -60404.1 -60404.1 -60404.1 -60404.1 -60404.1 -60404.1 -60404.1 -60404.1 -60404.1 -60404.1 -60404.1 -60404.1 -60404.1 -60404.1 -60404.1 -60404.1 -60404.1 -60404.1 -60404.1 -60404.1 -60404.1 -60404.1 -60404.1 -60404.1 -60404.1 -60404.1 -60404.1 -60404.1 -60404.1 -60404.1 -60404.1 -60404.1 -60404.1 -60404.1 -60404.1 -60404.1 -60404.1 -60404.1 -60404.1 -60404.1 -60404.1 -60404.1 -60404.1 -60404.1 -60404.1 -60404.1 -60404.1 -60404.1 -60404.1 -60404.1 -60404.1 -60404.1 -60404.1 -60404.1 -60404.1 -60404.1 -60404.1 -60404.1 -60404.1 -60404.1 -60404.1 -60404.1 -60404.1 -60404.1 -60404.1 -60404.1 -60404.1 -60404.1 -60404.1 -60404.1 -60404.1 -60404.1 -60404.1 -60404.1 -60404.1 -60404.1 -60404.1 -60404.1 -60404.1 -60404.1 -60404.1 -60404.1 -60404.1 -60404.1 -60404.1 -60404.1 -60404.1 -60404.1 -60404.1 -60404.1 -60404.1 -60404.1 -60404.1 -60404.1 -60404.1 -60404.1 -60404.1 -60404.1 -60404.1 -60404.1 -60404.1 -60404.1 -60404.1 -60404.1 -60404.1 -60404.1 -60404.1 -60404.1 -60404.1 -60404.1 -60404.1 -60404.1 -60404.1 -60404.1 -60404.1 -60404.1 -60404.1 -60404.1 -60404.1 -60404.1 -60404.1 -60404.1 -60404.1 -60404.1 -60404.1 -60404.1 -60404.1 -60404.1 -60404.1 -60404.1 -60404.1 -60404.1 -60404.1 -60404.1 -60404.1 -60404.1 -60404.1 -60404.1 -60404.1 -60404.1 -60404.1 -60404.1 -60404.1 -60404.1 -60404.1 -60404.1 -60404.1 -60404.1 -60404.1 -60404.1 -60404.1 -60404.1 -60404.1 -60404.1 -60404.1 -60404.1 -60404.1 -60404.1 -60404.1 -60404.1 -60404.1 -60404.1 -60404.1 -60404.1 -60404.1 -60404.1 -60404.1 -60404.1 -60404.1 -60404.1 -60404.1 -60404.1 -60404.1 -60404.1 -60404.1 -60404.1 -60404.1 -60404.1 -60404.1 -60404.1 -60404.1 -60404.1 -60404.1 -60404.1 -60404.1 -60404.1 -60404.1 -60404.1 -60404.1 -60404.1 -60404.1 -60404.1 -60404.1 -60404.1 -60404.1 -60404.1 -60404.1 -60404.1 -60404.1 -60404.1 -60404.1 -60404.1 -60404.1 -60404.1 -60404.1 -60404.1 -60404.1 -60404.1 -60404.1 -60404.1 -60404.1 -60404.1 -60404.1 -60404.1 -60404.1 -60404.1 -60404.1 -60404.1 -60404.1 -60404.1 -60404.1 -60404.1 -60404.1 -60404.1 -60404.1 -60404.1 -60404.1 -60404.1 -60404.1 -60404.1 -60404.1 -60404.1 -60404.1 -60404.1 -60404.1 -60404.1 -60404.1 -60404.1 -60404.1 -60404.1 -60404.1 -60404.1 -60404.1 -60404.1 -60404.1 -60404.1 -60404.1 -60404.1 -60404.1 -60404.1 -60404.1 -60404.1 -60404.1 -60404.1 -60404.1 -60404.1 -60404.1 -60404.1 -60404.1 -60404.1 -60404.1 -60404.1 -60404.1 -60404.1 -60404.1 -60404.1 -60404.1 -60404.1 -60404.1 -60404.1 -60404.1 -60404.1 -60404.1 -60404.1 -60404.1 -60404.1 -60404.1 -60404.1 -60404.1 -60404.1 -60404.1 -60404.1 -60404.1 -60404.1 -60404.1 -60404.1 -60404.1 -60404.1 -60404.1 -60404.1 -60404.1 -60404.1 -60404.1 -60404.1 -60404.1 -60404.1 -60404.1 -60404.1 -60404.1 -60404.1 -60404.1 -60404.1 -60404.1 -60404.1 -60404.1 -60404.1 -60404.1 -60404.1 -60404.1 -60404.1 -60404.1 -60404.1 -60404.1 -60404.1 -60404.1 -60404.1 -60404.1 -60404.1 -60404.1 -60404.1 -60404.1 -60404.1 -60404.1 -60404.1 -60404.1 -60404.1 -60404.1 -60404.1 -60404.1 -60404.1 -60404.1 -60404.1 -60404.1 -60404.1 -60404.1 -60404.1 -60404.1 -60404.1 -60404.1 -60404.1 -60404.1 -60404.1 -60404.1 -60404.1 -60404.1 -60404.1 -60404.1 -60404.1 -60404.1 -60404.1 -60404.1 -60404.1 -60404.1 -60404.1 -60404.1 -60404.1 -60404.1 -60404.1 -60404.1 -60404.1 -60404.1 -60404.1 -60404.1 -60404.1 -60404.1 -60404.1 -60404.1 -60404.1 -60404.1 -60404.1 -60404.1 -60404.1 -60404.1 -60404.1 -60404.1 -60404.1 -60404.1 -60404.1 -60404.1 -60404.1 -60404.1 -60404.1 -60404.1 -60404.1 -60404.1 -60404.1 -60404.1 -60404.1 -60404.1 -60404.1 -60404.1 -60404.1 -60404.1 -60404.1 -60404.1 -60404.1 -60404.1 -60404.1 -60404.1 -60404.1 -60404.1 -60404.1 -60404.1 -60404.1 -60404.1 -60404.1 -60404.1 -60404.1 -60404.1 -60404.1 -60404.1 -60404.1 -60404.1 -60404.1 -60404.1 -60404.1 -60404.1 -60404.1 -60404.1 -60404.1 -60404.1 -60404.1 -60404.1 -60404.1 -60404.1 -60404.1 -60404.1 -60404.1 -60404.1 -60404.1 -60404.1 -60404.1 -60404.1 -60404.1 -60404.1 -60404.1 -60404.1 -60404.1 -60404.1 -60404.1 -60404.1 -60404.1 -60404.1 -60404.1 -60404.1 -60404.1 -60404.1 -60404.1 -60404.1 -60404.1 -60404.1 -60404.1 -60404.1 -60404.1 -60404.1 -60404.1 -60404.1 -60404.1 -60404.1 -60404.1 -60404.1 -60404.1 -60404.1 -60404.1 -60404.1 -60404.1 -60404.1 -60404.1 -60404.1 -60404.1 -60404.1 -60404.1 -60404.1 -60404.1 -60404.1 -60404.1 -60404.1 -60404.1 -60404.1 -60404.1 -60404.1 -60404.1 -60404.1 -60404.1 -60404.1 -60404.1 -60404.1 -60404.1 -60404.1 -60404.1 -60404.1 -60404.1 -60404.1 -60404.1 -60404.1 -60404.1 -60404.1 -60404.1 -60404.1 -60404.1 -60404.1 -60404.1 -60404.1 -60404.1 -60404.1 -60404.1 -60404.1 -60404.1 -60404.1 -60404.1 -60404.1 -60404.1 -60404.1 -60404.1 -60404.1 -60404.1 -60404.1 -60404.1 -60404.1 -60404.1 -60404.1 -60404.1 -60404.1 -60404.1 -60404.1 -60404.1 -60404.1 -60404.1 -60404.1 -60404.1 -60404.1 -60404.1 -60404.1 -60404.1 -60404.1 -60404.1 -60404.1 -60404.1 -60404.1 -60404.1 -60404.1 -60404.1 -60404.1 -60404.1 -60404.1 -60404.1 -60404.1 -60404.1 -60404.1 -60404.1 -60404.1 -60404.1 -60404.1 -60404.1 -60404.1 -60404.1 -60404.1 -60404.1 -60404.1 -60404.1 -60404.1 -60404.1 -60404.1 -60404.1 -60404.1 -60404.1 -60404.1 -60404.1 -60404.1 -60404.1 -60404.1 -60404.1 -60404.1 -60404.1 -60404.1 -60404.1 -60404.1 -60404.1 -60404.1 -60404.1 -60404.1 -60404.1 -60404.1 -60404.1 -60404.1 -60404.1 -60404.1 -60404.1 -60404.1 -60404.1 -60404.1 -60404.1 -60404.1 -60404.1 -60404.1 -60404.1 -60404.1 -60404.1 -60404.1 -60404.1 -60404.1 -60404.1 -60404.1 -60404.1 -60404.1 -60404.1 -60404.1 -60404.1 -60404.1 -60404.1 -60404.1 -60404.1 -60404.1 -60404.1 -60404.1 -60404.1 -60404.1 -60404.1 -60404.1 -60404.1 -60404.1 -60404.1 -60404.1 -60404.1 -60404.1 -60404.1 -60404.1 -60404.1 -60404.1 -60404.1 -60404.1 -60404.1 -60404.1 -60404.1 -60404.1 -60404.1 -60404.1 -60404.1 -60404.1 -60404.1 -60404.1 -60404.1 -60404.1 -60404.1 -60404.1 -60404.1 -60404.1 -60404.1 -60404.1 -60404.1 -60404.1 -60404.1 -60404.1 -60404.1 -60404.1 -60404.1 -60404.1 -60404.1 -60404.1 -60404.1 -60404.1 -60404.1 -60404.1 -60404.1 -60404.1 -60404.1 -60404.1 -60404.1 -60404.1 -60404.1 -60404.1 -60404.1 -60404.1 -60404.1 -60404.1 -60404.1 -60404.1 -60404.1 -60404.1 -60404.1 -60404.1 -60404.1 -60404.1 -60404.1 -60404.1 -60404.1 -60404.1 -60404.1 -60404.1 -60404.1 -60404.1 -60404.1 -60404.1 -60404.1 -60404.1 -60404.1 -60404.1 -60404.1 -60404.1 -60404.1 -60404.1 -60404.1 -60404.1 -60404.1 -60404.1 -60404.1 -60404.1 -60404.1 -60404.1 -60404.1 -60404.1 -60404.1 -60404.1 -60404.1 -60404.1 -60404.1 -60404.1 -60404.1 -60404.1 -60404.1 -60404.1 -60404.1 -60404.1 -60404.1 -60404.1 -60404.1 -60404.1 -60404.1 -60404.1 -60404.1 -60404.1 -60404.1 -60404.1 -60404.1 -60404.1 -60404.1 -60404.1 -60404.1 -60404.1 -60404.1 -60404.1 -60404.1 -60404.1 -60404.1 -60404.1 -60404.1 -60404.1 -60404.1 -60404.1 -60404.1 -60404.1 -60404.1 -60404.1 -60404.1 -60404.1 -60404.1 -60404.1 -60404.1 -60404.1 -60404.1 -60404.1 -60404.1 -60404.1 -60404.1 -60404.1 -60404.1 -60404.1 -60404.1 -60404.1 -60404.1 -60404.1 -60404.1 -60404.1 -60404.1 -60404.1 -60404.1 -60404.1 -60404.1 -60404.1 -60404.1 -60404.1 -60404.1 -60404.1 -60404.1 -60404.1 -60404.1 -60404.1 -60404.1 -60404.1 -60404.1 -60404.1 -60404.1 -60404.1 -60404.1 -60404.1 -60404.1 -60404.1 -60404.1 -60404.1 -60404.1 -60404.1 -60404.1 -60404.1 -60404.1 -60404.1 -60404.1 -60404.1 -60404.1 -60404.1 -60404.1 -60404.1 -60404.1 -60404.1 -60404.1 -60404.1 -60404.1 -60404.1 -60404.1 -60404.1 -60404.1 -60404.1 -60404.1 -60404.1 -60404.1 -60404.1 -60404.1 -60404.1 -60404.1 -60404.1 -60404.1 -60404.1 -60404.1 -60404.1 -60404.1 -60404.1 -60404.1 -60404.1 -60404.1 -60404.1 -60404.1 -60404.1 -60404.1 -60404.1 -60404.1 -60404.1 -60404.1 -60404.1 -60404.1 -60404.1 -60404.1 -60404.1 -60404.1 -60404.1 -60404.1 -60404.1 -60404.1 -60404.1 -60404.1 -60404.1 -60404.1 -60404.1 -60404.1 -60404.1 -60404.1 -60404.1 -60404.1 -60404.1 -60404.1 -60404.1 -60404.1 -60404.1 -60404.1 -60404.1 -60404.1 -60404.1 -60404.1 -60404.1 -60404.1 -60404.1 -60404.1 -60404.1 -60404.1 -60404.1 -60404.1 -60404.1 -60404.1 -60404.1 -60404.1 -60404.1 -60404.1 -60404.1 -60404.1 -60404.1 -60404.1 -60404.1 -60404.1 -60404.1 -60404.1 -60404.1 -60404.1 -60404.1 -60404.1 -60404.1 -60404.1 -60404.1 -60404.1 -60404.1 -60404.1 -60404.1 -60404.1 -60404.1 -60404.1 -60404.1 -60404.1 -60404.1 -60404.1 -60404.1 -60404.1 -60404.1 -60404.1 -60404.1 -60404.1 -60404.1 -60404.1 -60404.1 -60404.1 -60404.1 -60404.1 -60404.1 -60404.1 -60404.1 -60404.1 -60404.1 -60404.1 -60404.1 -60404.1 -60404.1 -60404.1 -60404.1 -60404.1 -60404.1 -60404.1 -60404.1 -60404.1 -60404.1 -60404.1 -60404.1 -60404.1 -60404.1 -60404.1 -60404.1 -60404.1 -60404.1 -60404.1 -60404.1 -60404.1 -60404.1 -60404.1 -60404.1 -60404.1 -60404.1 -60404.1 -60404.1 -60404.1 -60404.1 -60404.1 -60404.1 -60404.1 -60404.1 -60404.1 -60404.1 -60404.1 -60404.1 -60404.1 -60404.1 -60404.1 -60404.1 -60404.1 -60404.1 -60404.1 -60404.1 -60404.1 -60404.1 -60404.1 -60404.1 -60404.1 -60404.1 -60404.1 -60404.1 -60404.1 -60404.1 -60404.1 -60404.1 -60404.1 -60404.1 -60404.1 -60404.1 -60404.1 -60404.1 -60404.1 -60404.1 -60404.1 -60404.1 -60404.1 -60404.1 -60404.1 -60404.1 -60404.1 -60404.1 -60404.1 -60404.1 -60404.1 -60404.1 -60404.1 -60404.1 -60404.1 -60404.1 -60404.1 -60404.1 -60404.1 -60404.1 -60404.1 -60404.1 -60404.1 -60404.1 -60404.1 -60404.1 -60404.1 -60404.1 -60404.1 -60404.1 -60404.1 -60404.1 -60404.1 -60404.1 -60404.1 -60404.1 -60404.1 -60404.1 -60404.1 -60404.1 -60404.1 -60404.1 -60404.1 -60404.1 -60404.1 -60404.1 -60404.1 -60404.1 -60404.1 -60404.1 -60404.1 -60404.1 -60404.1 -60404.1 -60404.1 -60404.1 -60404.1 -60404.1 -60404.1 -60404.1 -60404.1 -60404.1 -60404.1 -60404.1 -60404.1 -60404.1 -60404.1 -60404.1 -60404.1 -60404.1 -60404.1 -60404.1 -60404.1 -60404.1 -60404.1 -60404.1 -60404.1 -60404.1 -60404.1 -60404.1 -60404.1 -60404.1 -60404.1 -60404.1 -60404.1 -60404.1 -60404.1 -60404.1 -60404.1 -60404.1 -60404.1 -60404.1 -60404.1 -60404.1 -60404.1 -60404.1 -60404.1 -60404.1 -60404.1 -60404.1 -60404.1 -60404.1 -60404.1 -60404.1 -60404.1 -60404.1 -60404.1 -60404.1 -60404.1 -60404.1 -60404.1 -60404.1 -60404.1 -60404.1 -60404.1 -60404.1 -60404.1 -60404.1 -60404.1 -60404.1 -60404.1 -60404.1 -60404.1 -60404.1 -60404.1 -60404.1 -60404.1 -60404.1 -60404.1 -60404.1 -60404.1 -60404.1 -60404.1 -60404.1 -60404.1 -60404.1 -60404.1 -60404.1 -60404.1 -60404.1 -60404.1 -60404.1 -60404.1 -60404.1 -60404.1 -60404.1 -60404.1 -60404.1 -60404.1 -60404.1 -60404.1 -60404.1 -60404.1 -60404.1 -60404.1 -60404.1 -60404.1 -60404.1 -60404.1 -60404.1 -60404.1 -60404.1 -60404.1 -60404.1 -60404.1 -60404.1 -60404.1 -60404.1 -60404.1 -60404.1 -60404.1 -60404.1 -60404.1 -60404.1 -60404.1 -60404.1 -60404.1 -60404.1 -60404.1 -60404.1 -60404.1 -60404.1 -60404.1 -60404.1 -60404.1 -60404.1 -60404.1 -60404.1 -60404.1 -60404.1 -60404.1 -60404.1 -60404.1 -60404.1 -60404.1 -60404.1 -60404.1 -60404.1 -60404.1 -60404.1 -60404.1 -60404.1 -60404.1 -60404.1 -60404.1 -60404.1 -60404.1 -60404.1 -60404.1 -60404.1 -60404.1 -60404.1 -60404.1 -60404.1 -60404.1 -60404.1 -60404.1 -60404.1 -60404.1 -60404.1 -60404.1 -60404.1 -60404.1 -60404.1 -60404.1 -60404.1 -60404.1 -60404.1 -60404.1 -60404.1 -60404.1 -60404.1 -60404.1 -60404.1 -60404.1 -60404.1 -60404.1 -60404.1 -60404.1 -60404.1 -60404.1 -60404.1 -60404.1 -60404.1 -60404.1 -60404.1 -60404.1 -60404.1 -60404.1 -60404.1 -60404.1 -60404.1 -60404.1 -60404.1 -60404.1 -60404.1 -60404.1 -60404.1 -60404.1 -60404.1 -60404.1 -60404.1 -60404.1 -60404.1 -60404.1 -60404.1 -60404.1 -60404.1 -60404.1 -60404.1 -60404.1 -60404.1 -60404.1 -60404.1 -60404.1 -60404.1 -60404.1 -60404.1 -60404.1 -60404.1 -60404.1 -60404.1 -60404.1 -60404.1 -60404.1 -60404.1 -60404.1 -60404.1 -60404.1 -60404.1 -60404.1 -60404.1 -60404.1 -60404.1 -60404.1 -60404.1 -60404.1 -60404.1 -60404.1 -60404.1 -60404.1 -60404.1 -60404.1 -60404.1 -60404.1 -60404.1 -60404.1 -60404.1 -60404.1 -60404.1 -60404.1 -60404.1 -60404.1 -60404.1 -60404.1 -60404.1 -60404.1 -60404.1 -60404.1 -60404.1 -60404.1 -60404.1 -60404.1 -60404.1 -60404.1 -60404.1 -60404.1 -60404.1 -60404.1 -60404.1 -60404.1 -60404.1 -60404.1 -60404.1 -60404.1 -60404.1 -60404.1 -60404.1 -60404.1 -60404.1 -60404.1 -60404.1 -60404.1 -60404.1 -60404.1 -60404.1 -60404.1 -60404.1 -60404.1 -60404.1 -60404.1 -60404.1 -60404.1 -60404.1 -60404.1 -60404.1 -60404.1 -60404.1 -60404.1 -60404.1 -60404.1 -60404.1 -60404.1 -60404.1 -60404.1 -60404.1 -60404.1 -60404.1 -60404.1 -60404.1 -60404.1 -60404.1 -60404.1 -60404.1 -60404.1 -60404.1 -60404.1 -60404.1 -60404.1 -60404.1 -60404.1 -60404.1 -60404.1 -60404.1 -60404.1 -60404.1 -60404.1 -60404.1 -60404.1 -60404.1 -60404.1 -60404.1 -60404.1 -60404.1 -60404.1 -60404.1 -60404.1 -60404.1 -60404.1 -60404.1 -60404.1 -60404.1 -60404.1 -60404.1 -60404.1 -60404.1 -60404.1 -60404.1 -60404.1 -60404.1 -60404.1 -60404.1 -60404.1 -60404.1 -60404.1 -60404.1 -60404.1 -60404.1 -60404.1 -60404.1 -60404.1 -60404.1 -60404.1 -60404.1 -60404.1 -60404.1 -60404.1 -60404.1 -60404.1 -60404.1 -60404.1 -60404.1 -60404.1 -60404.1 -60404.1 -60404.1 -60404.1 -60404.1 -60404.1 -60404.1 -60404.1 -60404.1 -60404.1 -60404.1 -60404.1 -60404.1 -60404.1 -60404.1 -60404.1 -60404.1 -60404.1 -60404.1 -60404.1 -60404.1 -60404.1 -60404.1 -60404.1 -60404.1 -60404.1 -60404.1 -60404.1 -60404.1 -60404.1 -60404.1 -60404.1 -60404.1 -60404.1 -60404.1 -60404.1 -60404.1 -60404.1 -60404.1 -60404.1 -60404.1 -60404.1 -60404.1 -60404.1 -60404.1 -60404.1 -60404.1 -60404.1 -60404.1 -60404.1 -60404.1 -60404.1 -60404.1 -60404.1 -60404.1 -60404.1 -60404.1 -60404.1 -60404.1 -60404.1 -60404.1 -60404.1 -60404.1 -60404.1 -60404.1 -60404.1 -60404.1 -60404.1 -60404.1 -60404.1 -60404.1 -60404.1 -60404.1 -60404.1 -60404.1 -60404.1 -60404.1 -60404.1 -60404.1 -60404.1 -60404.1 -60404.1 -60404.1 -60404.1 -60404.1 -60404.1 -60404.1 -60404.1 -60404.1 -60404.1 -60404.1 -60404.1 -60404.1 -60404.1 -60404.1 -60404.1 -60404.1 -60404.1 -60404.1 -60404.1 -60404.1 -60404.1 -60404.1 -60404.1 -60404.1 -60404.1 -60404.1 -60404.1 -60404.1 -60404.1 -60404.1 -60404.1 -60404.1 -60404.1 -60404.1 -60404.1 -60404.1 -60404.1 -60404.1 -60404.1 -60404.1 -60404.1 -60404.1 -60404.1 -60404.1 -60404.1 -60404.1 -60404.1 -60404.1 -60404.1 -60404.1 -60404.1 -60404.1 -60404.1 -60404.1 -60404.1 -60404.1 -60404.1 -60404.1 -60404.1 -60404.1 -60404.1 -60404.1 -60404.1 -60404.1 -60404.1 -60404.1 -60404.1 -60404.1 -60404.1 -60404.1 -60404.1 -60404.1 -60404.1 -60404.1 -60404.1 -60404.1 -60404.1 -60404.1 -60404.1 -60404.1 -60404.1 -60404.1 -60404.1 -60404.1 -60404.1 -60404.1 -60404.1 -60404.1 -60404.1 -60404.1 -60404.1 -60404.1 -60404.1 -60404.1 -60404.1 -60404.1 -60404.1 -60404.1 -60404.1 -60404.1 -60404.1 -60404.1 -60404.1 -60404.1 -60404.1 -60404.1 -60404.1 -60404.1 -60404.1 -60404.1 -60404.1 -60404.1 -60404.1 -60404.1 -60404.1 -60404.1 -60404.1 -60404.1 -60404.1 -60404.1 -60404.1 -60404.1 -60404.1 -60404.1 -60404.1 -60404.1 -60404.1 -60404.1 -60404.1 -60404.1 -60404.1 -60404.1 -60404.1 -60404.1 -60404.1 -60404.1 -60404.1 -60404.1 -60404.1 -60404.1 -60404.1 -60404.1 -60404.1 -60404.1 -60404.1 -60404.1 -60404.1 -60404.1 -60404.1 -60404.1 -60404.1 -60404.1 -60404.1 -60404.1 -60404.1 -60404.1 -60404.1 -60404.1 -60404.1 -60404.1 -60404.1 -60404.1 -60404.1 -60404.1 -60404.1 -60404.1 -60404.1 -60404.1 -60404.1 -60404.1 -60404.1 -60404.1 -60404.1 -60404.1 -60404.1 -60404.1 -60404.1 -60404.1 -60404.1 -60404.1 -60404.1 -60404.1 -60404.1 -60404.1 -60404.1 -60404.1 -60404.1 -60404.1 -60404.1 -60404.1 -60404.1 -60404.1 -60404.1 -60404.1 -60404.1 -60404.1 -60404.1 -60404.1 -60404.1 -60404.1 -60404.1 -60404.1 -60404.1 -60404.1 -60404.1 -60404.1 -60404.1 -60404.1 -60404.1 -60404.1 -60404.1 -60404.1 -60404.1 -60404.1 -60404.1 -60404.1 -60404.1 -60404.1 -60404.1 -60404.1 -60404.1 -60404.1 -60404.1 -60404.1 -60404.1 -60404.1 -60404.1 -60404.1 -60404.1 -60404.1 -60404.1 -60404.1 -60404.1 -60404.1 -60404.1 -60404.1 -60404.1 -60404.1 -60404.1 -60404.1 -60404.1 -60404.1 -60404.1 -60404.1 -60404.1 -60404.1 -60404.1 -60404.1 -60404.1 -60404.1 -60404.1 -60404.1 -60404.1 -60404.1 -60404.1 -60404.1 -60404.1 -60404.1 -60404.1 -60404.1 -60404.1 -60404.1 -60404.1 -60404.1 -60404.1 -60404.1 -60404.1 -60404.1 -60404.1 -60404.1 -60404.1 -60404.1 -60404.1 -60404.1 -60404.1 -60404.1 -60404.1 -60404.1 -60404.1 -60404.1 -60404.1 -60404.1 -60404.1 -60404.1 -60404.1 -60404.1 -60404.1 -60404.1 -60404.1 -60404.1 -60404.1 -60404.1 -60404.1 -60404.1 -60404.1 -60404.1 -60404.1 -60404.1 -60404.1 -60404.1 -60404.1 -60404.1 -60404.1 -60404.1 -60404.1 -60404.1 -60404.1 -60404.1 -60404.1 -60404.1 -60404.1 -60404.1 -60404.1 -60404.1 -60404.1 -60404.1 -60404.1 -60404.1 -60404.1 -60404.1 -60404.1 -60404.1 -60404.1 -60404.1 -60404.1 -60404.1 -60404.1 -60404.1 -60404.1 -60404.1 -60404.1 -60404.1 -60404.1 -60404.1 -60404.1 -60404.1 -60404.1 -60404.1 -60404.1 -60404.1 -60404.1 -60404.1 -60404.1 -60404.1 -60404.1 -60404.1 -60404.1 -60404.1 -60404.1 -60404.1 -60404.1 -60404.1 -60404.1 -60404.1 -60404.1 -60404.1 -60404.1 -60404.1 -60404.1 -60404.1 -60404.1 -60404.1 -60404.1 -60404.1 -60404.1 -60404.1 -60404.1 -60404.1 -60404.1 -60404.1 -60404.1 -60404.1 -60404.1 -60404.1 -60404.1 -60404.1 -60404.1 -60404.1 -60404.1 -60404.1 -60404.1 -60404.1 -60404.1 -60404.1 -60404.1 -60404.1 -60404.1 -60404.1 -60404.1 -60404.1 -60404.1 -60404.1 -60404.1 -60404.1 -60404.1 -60404.1 -60404.1 -60404.1 -60404.1 -60404.1 -60404.1 -60404.1 -60404.1 -60404.1 -60404.1 -60404.1 -60404.1 -60404.1 -60404.1 -60404.1 -60404.1 -60404.1 -60404.1 -60404.1 -60404.1 -60404.1 -60404.1 -60404.1 -60404.1 -60404.1 -60404.1 -60404.1 -60404.1 -60404.1 -60404.1 -60404.1 -60404.1 -60404.1 -60404.1 -60404.1 -60404.1 -60404.1 -60404.1 -60404.1 -60404.1 -60404.1 -60404.1 -60404.1 -60404.1 -60404.1 -60404.1 -60404.1 -60404.1 -60404.1 -60404.1 -60404.1 -60404.1 -60404.1 -60404.1 -60404.1 -60404.1 -60404.1 -60404.1 -60404.1 -60404.1 -60404.1 -60404.1 -60404.1 -60404.1 -60404.1 -60404.1 -60404.1 -60404.1 -60404.1 -60404.1 -60404.1 -60404.1 -60404.1 -60404.1 -60404.1 -60404.1 -60404.1 -60404.1 -60404.1 -60404.1 -60404.1 -60404.1 -60404.1 -60404.1 -60404.1 -60404.1 -60404.1 -60404.1 -60404.1 -60404.1 -60404.1 -60404.1 -60404.1 -60404.1 -60404.1 -60404.1 -60404.1 -60404.1 -60404.1 -60404.1 -60404.1 -60404.1 -60404.1 -60404.1 -60404.1 -60404.1 -60404.1 -60404.1 -60404.1 -60404.1 -60404.1 -60404.1 -60404.1 -60404.1 -60404.1 -60404.1 -60404.1 -60404.1 -60404.1 -60404.1 -60404.1 -60404.1 -60404.1 -60404.1 -60404.1 -60404.1 -60404.1 -60404.1 -60404.1 -60404.1 -60404.1 -60404.1 -60404.1 -60404.1 -60404.1 -60404.1 -60404.1 -60404.1 -60404.1 -60404.1 -60404.1 -60404.1 -60404.1 -60404.1 -60404.1 -60404.1 -60404.1 -60404.1 -60404.1 -60404.1 -60404.1 -60404.1 -60404.1 -60404.1 -60404.1 -60404.1 -60404.1 -60404.1 -60404.1 -60404.1 -60404.1 -60404.1 -60404.1 -60404.1 -60404.1 -60404.1 -60404.1 -60404.1 -60404.1 -60404.1 -60404.1 -60404.1 -60404.1 -60404.1 -60404.1 -60404.1 -60404.1 -60404.1 -60404.1 -60404.1 -60404.1 -60404.1 -60404.1 -60404.1 -60404.1 -60404.1 -60404.1 -60404.1 -60404.1 -60404.1 -60404.1 -60404.1 -60404.1 -60404.1 -60404.1 -60404.1 -60404.1 -60404.1 -60404.1 -60404.1 -60404.1 -60404.1 -60404.1 -60404.1 -60404.1 -60404.1 -60404.1 -60404.1 -60404.1 -60404.1 -60404.1 -60404.1 -60404.1 -60404.1 -60404.1 -60404.1 -60404.1 -60404.1 -60404.1 -60404.1 -60404.1 -60404.1 -60404.1 -60404.1 -60404.1 -60404.1 -60404.1 -60404.1 -60404.1 -60404.1 -60404.1 -60404.1 -60404.1 -60404.1 -60404.1 -60404.1 -60404.1 -60404.1 -60404.1 -60404.1 -60404.1 -60404.1 -60404.1 -60404.1 -60404.1 -60404.1 -60404.1 -60404.1 -60404.1 -60404.1 -60404.1 -60404.1 -60404.1 -60404.1 -60404.1 -60404.1 -60404.1 -60404.1 -60404.1 -60404.1 -60404.1 -60404.1 -60404.1 -60404.1 -60404.1 -60404.1 -60404.1 -60404.1 -60404.1 -60404.1 -60404.1 -60404.1 -60404.1 -60404.1 -60404.1 -60404.1 -60404.1 -60404.1 -60404.1 -60404.1 -60404.1 -60404.1 -60404.1 -60404.1 -60404.1 -60404.1 -60404.1 -60404.1 -60404.1 -60404.1 -60404.1 -60404.1 -60404.1 -60404.1 -60404.1 -60404.1 -60404.1 -60404.1 -60404.1 -60404.1 -60404.1 -60404.1 -60404.1 -60404.1 -60404.1 -60404.1 -60404.1 -60404.1 -60404.1 -60404.1 -60404.1 -60404.1 -60404.1 -60404.1 -60404.1 -60404.1 -60404.1 -60404.1 -60404.1 -60404.1 -60404.1 -60404.1 -60404.1 -60404.1 -60404.1 -60404.1 -60404.1 -60404.1 -60404.1 -60404.1 -60404.1 -60404.1 -60404.1 -60404.1 -60404.1 -60404.1 -60404.1 -60404.1 -60404.1 -60404.1 -60404.1 -60404.1 -60404.1 -60404.1 -60404.1 -60404.1 -60404.1 -60404.1 -60404.1 -60404.1 -60404.1 -60404.1 -60404.1 -60404.1 -60404.1 -60404.1 -60404.1 -60404.1 -60404.1 -60404.1 -60404.1 -60404.1 -60404.1 -60404.1 -60404.1 -60404.1 -60404.1 -60404.1 -60404.1 -60404.1 -60404.1 -60404.1 -60404.1 -60404.1 -60404.1 -60404.1 -60404.1 -60404.1 -60404.1 -60404.1 -60404.1 -60404.1 -60404.1 -60404.1 -60404.1 -60404.1 -60404.1 -60404.1 -60404.1 -60404.1 -60404.1 -60404.1 -60404.1 -60404.1 -60404.1 -60404.1 -60404.1 -60404.1 -60404.1 -60404.1 -60404.1 -60404.1 -60404.1 -60404.1 -60404.1 -60404.1 -60404.1 -60404.1 -60404.1 -60404.1 -60404.1 -60404.1 -60404.1 -60404.1 -60404.1 -60404.1 -60404.1 -60404.1 -60404.1 -60404.1 -60404.1 -60404.1 -60404.1 -60404.1 -60404.1 -60404.1 -60404.1 -60404.1 -60404.1 -60404.1 -60404.1 -60404.1 -60404.1 -60404.1 -60404.1 -60404.1 -60404.1 -60404.1 -60404.1 -60404.1 -60404.1 -60404.1 -60404.1 -60404.1 -60404.1 -60404.1 -60404.1 -60404.1 -60404.1 -60404.1 -60404.1 -60404.1 -60404.1 -60404.1 -60404.1 -60404.1 -60404.1 -60404.1 -60404.1 -60404.1 -60404.1 -60404.1 -60404.1 -60404.1 -60404.1 -60404.1 -60404.1 -60404.1 -60404.1 -60404.1 -60404.1 -60404.1 -60404.1 -60404.1 -60404.1 -60404.1 -60404.1 -60404.1 -60404.1 -60404.1 -60404.1 -60404.1 -60404.1 -60404.1 -60404.1 -60404.1 -60404.1 -60404.1 -60404.1 -60404.1 -60404.1 -60404.1 -60404.1 -60404.1 -60404.1 -60404.1 -60404.1 -60404.1 -60404.1 -60404.1 -60404.1 -60404.1 -60404.1 -60404.1 -60404.1 -60404.1 -60404.1 -60404.1 -60404.1 -60404.1 -60404.1 -60404.1 -60404.1 -60404.1 -60404.1 -60404.1 -60404.1 -60404.1 -60404.1 -60404.1 -60404.1 -60404.1 -60404.1 -60404.1 -60404.1 -60404.1 -60404.1 -60404.1 -60404.1

================ RESULT ================
rule               : prodigy  (mesh=delaunay)
n_starts/steps/batch: 16/3000/4  resurrect=True
log_det=cholesky  fix_reg=free
wall_s             : 30520.6
max log likelihood : -50457.368
einstein_radius    : 2.2278   (truth 1.6, Nautilus mode 0.962)
in truth basin     : False   (slack tol — converged-sampler logL is the real bar)
bar (Nautilus)     : 19982.3
bar (truth-point)  : 30078.7   (upper reference)
steps to bar       : not reached
total_steps        : 3000
n_resurrections    : 287
stop_reason        : max_steps
=======================================

fom_history (best -2logP per step): 313206.2 313206.2 313206.0 313200.8 313200.8 313200.8 313200.8 313200.8 313200.8 313200.8 313200.8 313200.8 313200.8 313151.8 313118.2 313118.2 313066.7 313000.4 313000.4 312690.3 312592.0 312539.8 312265.4 311780.0 310324.4 310324.4 310324.4 310324.4 310324.4 310324.4 310324.4 310324.4 310324.4 310324.4 310324.4 310324.4 310324.4 309983.7 307923.1 307923.1 301361.6 301361.6 296807.7 278995.5 255868.5 255868.5 255868.5 255868.5 255868.5 255868.5 255868.5 255868.5 255868.5 255440.1 255440.1 255440.1 255440.1 224029.4 224029.4 224029.4 224029.4 224029.4 224029.4 223889.1 219641.5 186190.7 186190.7 186190.7 186190.7 186190.7 186190.7 175569.8 151889.4 151889.4 151889.4 151889.4 151889.4 130322.7 126219.2 125459.0 125459.0 125459.0 125459.0 125459.0 125459.0 125459.0 125459.0 125459.0 125459.0 125459.0 125459.0 125459.0 125459.0 125459.0 125459.0 125459.0 125459.0 125459.0 125459.0 125459.0 125459.0 125459.0 125459.0 125459.0 125459.0 125459.0 125459.0 125459.0 125459.0 125459.0 125459.0 125459.0 125459.0 125459.0 125459.0 125459.0 125459.0 125459.0 125459.0 125459.0 125459.0 125459.0 125459.0 125459.0 125459.0 125459.0 125459.0 125459.0 125459.0 125459.0 125459.0 125459.0 125459.0 125459.0 125459.0 125459.0 125459.0 125459.0 125459.0 125459.0 125459.0 125459.0 125459.0 125459.0 125459.0 125459.0 125459.0 125459.0 125459.0 125459.0 125459.0 125459.0 125459.0 125459.0 125459.0 125459.0 125459.0 125459.0 125459.0 125459.0 125459.0 125459.0 125459.0 125459.0 125459.0 125459.0 125459.0 125459.0 125459.0 125459.0 125459.0 125459.0 125459.0 125459.0 125459.0 125459.0 125459.0 125459.0 125459.0 125459.0 125459.0 125459.0 125459.0 125459.0 125459.0 125459.0 125459.0 125459.0 125459.0 125459.0 125459.0 125459.0 125459.0 125459.0 125459.0 125459.0 125459.0 125459.0 125459.0 125459.0 125459.0 125459.0 125459.0 125459.0 125459.0 125459.0 125459.0 125459.0 125459.0 125459.0 125459.0 125459.0 125459.0 125459.0 125459.0 125459.0 125459.0 125459.0 125459.0 125459.0 125459.0 125459.0 125459.0 125459.0 125459.0 125459.0 125459.0 125459.0 125459.0 125459.0 125459.0 125459.0 125459.0 125459.0 125459.0 125459.0 125459.0 125459.0 125459.0 125459.0 125459.0 125459.0 125459.0 125459.0 125459.0 125459.0 125459.0 125459.0 125459.0 125459.0 125459.0 125459.0 125459.0 125459.0 125459.0 125459.0 125459.0 125459.0 125459.0 125459.0 125459.0 125459.0 125459.0 125459.0 125459.0 125459.0 125459.0 125459.0 125459.0 125459.0 125459.0 125459.0 125459.0 125459.0 125459.0 125459.0 125459.0 125459.0 125459.0 125459.0 125459.0 125459.0 125459.0 125459.0 125459.0 125459.0 125459.0 125459.0 125459.0 125459.0 125459.0 125459.0 125459.0 125459.0 125459.0 125459.0 125459.0 125459.0 125459.0 125459.0 125459.0 125459.0 125459.0 125459.0 125459.0 125459.0 125459.0 125459.0 125459.0 125459.0 125459.0 125459.0 125459.0 125459.0 125459.0 125459.0 125459.0 125459.0 125459.0 125459.0 125459.0 125459.0 125459.0 125459.0 125459.0 125459.0 125459.0 125459.0 125459.0 125459.0 125459.0 125459.0 125459.0 125459.0 125459.0 125459.0 125459.0 125459.0 125459.0 125459.0 125459.0 125459.0 125459.0 125459.0 125459.0 125459.0 125459.0 125459.0 125459.0 125459.0 125459.0 125459.0 125459.0 125459.0 125459.0 125459.0 125459.0 125459.0 125459.0 125459.0 125459.0 125459.0 125459.0 125459.0 125459.0 125459.0 125459.0 125459.0 125459.0 125459.0 125459.0 125459.0 125459.0 125459.0 125459.0 125459.0 125459.0 125459.0 125459.0 125459.0 125459.0 125459.0 125459.0 125459.0 125459.0 125459.0 125459.0 125459.0 125459.0 125459.0 125459.0 125459.0 125459.0 125459.0 125459.0 125459.0 125459.0 125459.0 125459.0 125459.0 125459.0 125459.0 125459.0 125459.0 125459.0 125459.0 125459.0 125459.0 125459.0 125459.0 125459.0 125459.0 125459.0 125459.0 125459.0 125459.0 125459.0 125459.0 125459.0 125459.0 125459.0 125459.0 125459.0 125459.0 125459.0 125459.0 125459.0 125459.0 125459.0 125459.0 125459.0 125459.0 125459.0 125459.0 125459.0 125459.0 125459.0 125459.0 125459.0 125459.0 125459.0 125459.0 125459.0 125459.0 125459.0 125459.0 125459.0 125459.0 125459.0 125459.0 125459.0 125459.0 125459.0 125459.0 125459.0 125459.0 125459.0 125459.0 125459.0 125459.0 125459.0 125459.0 125459.0 125459.0 125459.0 125459.0 125459.0 125459.0 125459.0 125459.0 125459.0 125459.0 125459.0 125459.0 125459.0 125459.0 125459.0 125459.0 125459.0 125459.0 125459.0 125459.0 125459.0 125459.0 125459.0 125459.0 125459.0 125459.0 125459.0 125459.0 125459.0 125459.0 125459.0 125459.0 125459.0 125459.0 125459.0 125459.0 125459.0 125459.0 125459.0 125459.0 125459.0 125459.0 125459.0 125459.0 125459.0 125459.0 125459.0 125459.0 125459.0 125459.0 125459.0 125459.0 125459.0 125459.0 125459.0 125459.0 125459.0 125459.0 125459.0 125459.0 125459.0 125459.0 125459.0 125459.0 125459.0 125459.0 125459.0 125459.0 125459.0 125459.0 125459.0 125459.0 125459.0 125459.0 125459.0 125459.0 125459.0 125459.0 125459.0 125459.0 125459.0 125459.0 125459.0 125459.0 125459.0 125459.0 125459.0 125459.0 125459.0 125459.0 125459.0 125459.0 125459.0 125459.0 125459.0 125459.0 125459.0 125459.0 125459.0 125459.0 125459.0 125459.0 125459.0 125459.0 125459.0 125459.0 125459.0 125459.0 125459.0 125459.0 125459.0 125459.0 125459.0 125459.0 125459.0 125459.0 125459.0 125459.0 125459.0 125459.0 125459.0 125459.0 125459.0 125459.0 125459.0 125459.0 125459.0 125459.0 125459.0 125459.0 125459.0 125459.0 125459.0 125459.0 125459.0 125459.0 125459.0 125459.0 125459.0 125459.0 125459.0 125459.0 125459.0 125459.0 125459.0 125459.0 125459.0 125459.0 125459.0 125459.0 125459.0 125459.0 125459.0 125459.0 125459.0 125459.0 125459.0 125459.0 125459.0 125459.0 125459.0 125459.0 125459.0 125459.0 125459.0 125459.0 125459.0 125459.0 125459.0 125459.0 125459.0 125459.0 125459.0 125459.0 125459.0 125459.0 125459.0 125459.0 125459.0 125459.0 125459.0 125459.0 125459.0 125459.0 125459.0 125459.0 125459.0 125459.0 125459.0 125459.0 125459.0 125459.0 125459.0 125459.0 125459.0 125459.0 125459.0 125459.0 125459.0 125459.0 125459.0 125459.0 125459.0 125459.0 125459.0 125459.0 125459.0 125459.0 125459.0 125459.0 125459.0 125459.0 125459.0 125459.0 125459.0 125459.0 125459.0 125459.0 125459.0 125459.0 125459.0 125459.0 125459.0 125459.0 125459.0 125459.0 125459.0 125459.0 125459.0 125459.0 125459.0 125459.0 125459.0 125459.0 125459.0 125459.0 125459.0 125459.0 125459.0 125459.0 125459.0 125459.0 125459.0 125459.0 125459.0 125459.0 125459.0 125459.0 125459.0 125459.0 125459.0 125459.0 125459.0 125459.0 125459.0 125459.0 125459.0 125459.0 125459.0 125459.0 125459.0 125459.0 125459.0 125459.0 125459.0 125459.0 125459.0 125459.0 125459.0 125459.0 125459.0 125459.0 125459.0 125459.0 125459.0 125459.0 125459.0 125459.0 125459.0 125459.0 125459.0 125459.0 125459.0 125459.0 125459.0 125459.0 125459.0 125459.0 125459.0 125459.0 125459.0 125459.0 125459.0 125459.0 125459.0 125459.0 125459.0 125459.0 125459.0 125459.0 125459.0 125459.0 125459.0 125459.0 125459.0 125459.0 125459.0 125459.0 125459.0 125459.0 125459.0 125459.0 125459.0 125459.0 125459.0 125459.0 125459.0 125459.0 125459.0 125459.0 125459.0 125459.0 125459.0 125459.0 125459.0 125459.0 125459.0 125459.0 125459.0 125459.0 125459.0 125459.0 125459.0 125459.0 125459.0 125459.0 125459.0 125459.0 125459.0 125459.0 125459.0 125459.0 125459.0 125459.0 125459.0 125459.0 125459.0 125459.0 125459.0 125459.0 125459.0 125459.0 125459.0 125459.0 125459.0 125459.0 125459.0 125459.0 125459.0 125459.0 125459.0 125459.0 125459.0 125459.0 125459.0 125459.0 125459.0 125459.0 125459.0 125459.0 125459.0 125459.0 125459.0 125459.0 125459.0 125459.0 125459.0 125459.0 125459.0 125459.0 125459.0 125459.0 125459.0 125459.0 125459.0 125459.0 125459.0 125459.0 125459.0 125459.0 125459.0 125459.0 125459.0 125459.0 125459.0 125459.0 125459.0 125459.0 125459.0 125459.0 125459.0 125459.0 125459.0 125459.0 125459.0 125459.0 125459.0 125459.0 125459.0 125459.0 125459.0 125459.0 125459.0 125459.0 125459.0 125459.0 125459.0 125459.0 125459.0 125459.0 125459.0 125459.0 125459.0 125459.0 125459.0 125459.0 125459.0 125459.0 125459.0 125459.0 125459.0 125459.0 125459.0 125459.0 125459.0 125459.0 125459.0 125459.0 125459.0 125459.0 125459.0 125459.0 125459.0 125459.0 125459.0 125459.0 125459.0 125459.0 125459.0 125459.0 125459.0 125459.0 125459.0 125459.0 125459.0 125459.0 125459.0 125459.0 125459.0 125459.0 125459.0 125459.0 125459.0 125459.0 125459.0 125459.0 125459.0 125459.0 125459.0 125459.0 125459.0 125459.0 125459.0 125459.0 125459.0 125459.0 125459.0 125459.0 125459.0 125459.0 125459.0 125459.0 125459.0 125459.0 125459.0 125459.0 125459.0 125459.0 125459.0 125459.0 125459.0 125459.0 125459.0 125459.0 125459.0 125459.0 125459.0 125459.0 125459.0 125459.0 125459.0 125459.0 125459.0 125459.0 125459.0 125459.0 125459.0 125459.0 125459.0 125459.0 125459.0 125459.0 125459.0 125459.0 125459.0 125459.0 125459.0 125459.0 125459.0 125459.0 125459.0 125459.0 125459.0 125459.0 125459.0 125459.0 125459.0 125459.0 125459.0 125459.0 125459.0 125459.0 125459.0 125459.0 125459.0 125459.0 125459.0 125459.0 125459.0 125459.0 125459.0 125459.0 125459.0 125459.0 125459.0 125459.0 125459.0 125459.0 125459.0 125459.0 125459.0 125459.0 125459.0 125459.0 125459.0 125459.0 125459.0 125459.0 125459.0 125459.0 125459.0 125459.0 125459.0 125459.0 125459.0 125459.0 125459.0 125459.0 125459.0 125459.0 125459.0 125459.0 125459.0 125459.0 125459.0 125459.0 125459.0 125459.0 125459.0 125459.0 125459.0 125459.0 125459.0 125459.0 125459.0 125459.0 125459.0 125459.0 125459.0 125459.0 125459.0 125459.0 125459.0 125459.0 125459.0 125459.0 125459.0 125459.0 125459.0 125459.0 125459.0 125459.0 125459.0 125459.0 125459.0 125459.0 125459.0 125459.0 125459.0 125459.0 125459.0 125459.0 125459.0 125459.0 125459.0 125459.0 125459.0 125459.0 125459.0 125459.0 125459.0 125459.0 125459.0 125459.0 125459.0 125459.0 125459.0 125459.0 125459.0 125459.0 125459.0 125459.0 125459.0 125459.0 125459.0 125459.0 125459.0 125459.0 125459.0 125459.0 125459.0 125459.0 125459.0 125459.0 125459.0 125459.0 125459.0 125459.0 125459.0 125459.0 125459.0 125459.0 125459.0 125459.0 125459.0 125459.0 125459.0 125459.0 125459.0 125459.0 125459.0 125459.0 125459.0 125459.0 125459.0 125459.0 125459.0 125459.0 125459.0 125459.0 125459.0 125459.0 125459.0 125459.0 125459.0 125459.0 125459.0 125459.0 125459.0 125459.0 125459.0 125459.0 125459.0 125459.0 125459.0 125459.0 125459.0 125459.0 125459.0 125459.0 125459.0 125459.0 125459.0 125459.0 125459.0 125459.0 125459.0 125459.0 125459.0 125459.0 125459.0 125459.0 125459.0 125459.0 125459.0 125459.0 125459.0 125459.0 125459.0 125459.0 125459.0 125459.0 125459.0 125459.0 125459.0 125459.0 125459.0 125459.0 125459.0 125459.0 125459.0 125459.0 125459.0 125459.0 125459.0 125459.0 125459.0 125459.0 125459.0 125459.0 125459.0 125459.0 125459.0 125459.0 125459.0 125459.0 125459.0 125459.0 125459.0 125459.0 125459.0 125459.0 125459.0 125459.0 125459.0 125459.0 125459.0 125459.0 125459.0 125459.0 125459.0 125459.0 125459.0 125459.0 125459.0 125459.0 125459.0 125459.0 125459.0 125459.0 125459.0 125459.0 125459.0 125459.0 125459.0 125459.0 125459.0 125459.0 125459.0 125459.0 125459.0 125459.0 125459.0 125459.0 125459.0 125459.0 125459.0 125459.0 125459.0 125459.0 125459.0 125459.0 125459.0 125459.0 125459.0 125459.0 125459.0 125459.0 125459.0 125459.0 125459.0 125459.0 125459.0 125459.0 125459.0 125459.0 125459.0 125459.0 125459.0 125459.0 125459.0 125459.0 125459.0 125459.0 125459.0 125459.0 125459.0 125459.0 125459.0 125459.0 125459.0 125459.0 125459.0 125459.0 125459.0 125459.0 125459.0 125459.0 125459.0 125459.0 125459.0 125459.0 125459.0 125459.0 125459.0 125459.0 125459.0 125459.0 125459.0 125459.0 125459.0 125459.0 125459.0 125459.0 125459.0 125459.0 125459.0 125459.0 125459.0 125459.0 125459.0 125459.0 125459.0 125459.0 125459.0 125459.0 125459.0 125459.0 125459.0 125459.0 125459.0 125459.0 125459.0 125459.0 125459.0 125459.0 125459.0 125459.0 125459.0 125459.0 125459.0 125459.0 125459.0 125459.0 125459.0 125459.0 125459.0 125459.0 125459.0 125459.0 125459.0 125459.0 125459.0 125459.0 125459.0 125459.0 125459.0 125459.0 125459.0 125459.0 125459.0 125459.0 125459.0 125459.0 125459.0 125459.0 125459.0 125459.0 125459.0 125459.0 125459.0 125459.0 125459.0 125459.0 125459.0 125459.0 125459.0 125459.0 125459.0 125459.0 125459.0 125459.0 125459.0 125459.0 125459.0 125459.0 125459.0 125459.0 125459.0 125459.0 125459.0 125459.0 125459.0 125459.0 125459.0 125459.0 125459.0 125459.0 125459.0 125459.0 125459.0 125459.0 125459.0 125459.0 125459.0 125459.0 125459.0 125459.0 125459.0 125459.0 125459.0 125459.0 125459.0 125459.0 125459.0 125459.0 125459.0 125459.0 125459.0 125459.0 125459.0 125459.0 125459.0 125459.0 125459.0 125459.0 125459.0 125459.0 125459.0 125459.0 125459.0 125459.0 125459.0 125459.0 125459.0 125459.0 125459.0 125459.0 125459.0 125459.0 125459.0 125459.0 125459.0 125459.0 125459.0 125459.0 125459.0 125459.0 125459.0 125459.0 125459.0 125459.0 125459.0 125459.0 125459.0 125459.0 125459.0 125459.0 125459.0 125459.0 125459.0 125459.0 125459.0 125459.0 125459.0 125459.0 125459.0 125459.0 125459.0 125459.0 125459.0 125459.0 125459.0 125459.0 125459.0 125459.0 125459.0 125459.0 125459.0 125459.0 125459.0 125459.0 125459.0 125459.0 125459.0 125459.0 125459.0 125459.0 125459.0 125459.0 125459.0 125459.0 125459.0 124293.1 124293.1 122299.9 119500.9 118845.5 118845.5 118845.5 118845.5 118845.5 118845.5 117909.1 116430.3 116430.3 116430.3 114974.4 113013.9 111843.6 111098.9 111098.9 111098.9 109257.0 108389.6 108389.6 108389.6 107921.0 107060.7 106818.7 105878.8 105806.6 105051.1 103896.0 103896.0 103896.0 103896.0 103896.0 103896.0 103896.0 103896.0 103896.0 103896.0 103896.0 103896.0 103896.0 103896.0 103349.1 103103.7 102790.0 102790.0 102216.3 102216.3 102216.3 102216.3 102216.3 102216.3 100996.2 100996.2 100996.2 100996.2 100996.2 100996.2 100996.2 100996.2 100996.2 100996.2 100996.2 100996.2 100996.2 100996.2 100996.2 100996.2 100996.2 100996.2 100996.2 100996.2 100996.2 100996.2 100996.2 100996.2 100996.2 100996.2 100996.2 100996.2 100996.2 100996.2 100996.2 100996.2 100996.2 100996.2 100996.2 100996.2 100996.2 100996.2 100996.2 100996.2 100996.2 100996.2 100996.2 100996.2 100996.2 100996.2 100996.2 100996.2 100996.2 100996.2 100996.2 100996.2 100996.2 100996.2 100996.2 100996.2 100996.2 100996.2 100996.2 100996.2 100996.2 100996.2 100996.2 100996.2 100996.2 100996.2 100996.2 100996.2 100996.2 100996.2 100996.2 100996.2 100996.2 100996.2 100996.2 100996.2 100996.2 100996.2 100996.2 100996.2 100996.2 100996.2 100996.2 100996.2 100996.2 100996.2 100996.2 100996.2 100996.2 100996.2 100996.2 100996.2 100996.2 100996.2 100996.2 100996.2 100996.2 100996.2 100996.2 100996.2 100996.2 100996.2 100996.2 100996.2 100996.2 100996.2 100996.2 100996.2 100996.2 100996.2 100996.2 100996.2 100996.2 100996.2 100996.2 100996.2 100996.2 100996.2 100996.2 100996.2 100996.2 100996.2 100996.2 100996.2 100996.2 100996.2 100996.2 100996.2 100996.2 100996.2 100996.2 100996.2 100996.2 100996.2 100996.2 100996.2 100996.2 100996.2 100996.2 100996.2 100996.2 100996.2 100996.2 100996.2 100996.2 100996.2 100996.2 100996.2 100996.2 100996.2 100996.2 100996.2 100996.2 100996.2 100996.2 100996.2 100996.2 100996.2 100996.2 100996.2 100996.2 100996.2 100996.2 100996.2 100996.2 100996.2 100996.2 100996.2 100996.2 100996.2 100996.2 100996.2 100996.2 100996.2 100996.2 100996.2 100996.2 100996.2 100996.2 100996.2 100996.2 100996.2 100996.2 100996.2 100996.2 100996.2 100996.2 100996.2 100996.2 100996.2 100996.2 100996.2 100996.2 100996.2 100996.2 100996.2 100996.2 100996.2 100996.2 100996.2 100996.2 100996.2 100996.2 100996.2 100996.2 100996.2 100996.2 100996.2 100996.2 100996.2 100996.2 100996.2 100996.2 100996.2 100996.2 100996.2 100996.2 100996.2 100996.2 100996.2 100996.2 100996.2 100996.2 100996.2 100996.2 100996.2 100996.2 100996.2 100996.2 100996.2 100996.2 100996.2 100996.2 100996.2 100996.2 100996.2 100996.2 100996.2 100996.2 100996.2 100996.2 100996.2 100996.2 100996.2 100996.2 100996.2 100996.2 100996.2 100996.2 100996.2 100996.2 100996.2 100996.2 100996.2 100996.2 100996.2 100996.2 100996.2 100996.2 100996.2 100996.2 100996.2 100996.2 100996.2 100996.2 100996.2 100996.2 100996.2 100996.2 100996.2 100996.2 100996.2 100996.2 100996.2 100996.2 100996.2 100996.2 100996.2 100996.2 100996.2 100996.2 100996.2 100996.2 100996.2 100996.2 100996.2 100996.2 100996.2 100996.2 100996.2 100996.2 100996.2 100996.2 100996.2 100996.2 100996.2 100996.2 100996.2 100996.2 100996.2 100996.2 100996.2 100996.2 100996.2 100996.2 100996.2 100996.2 100996.2 100996.2 100996.2 100996.2 100996.2 100996.2 100996.2 100996.2 100996.2 100996.2 100996.2 100996.2 100996.2 100996.2 100996.2 100996.2 100996.2 100996.2 100996.2 100996.2 100996.2 100996.2 100996.2 100996.2 100996.2 100996.2 100996.2 100996.2 100996.2 100996.2 100996.2 100996.2 100996.2 100996.2 100996.2 100996.2 100996.2 100996.2 100996.2 100996.2 100996.2 100996.2 100996.2 100996.2 100996.2 100996.2 100996.2 100996.2 100996.2 100996.2 100996.2 100996.2 100996.2 100996.2 100996.2 100996.2 100996.2 100996.2 100996.2 100996.2 100996.2 100996.2 100996.2 100996.2 100996.2 100996.2 100996.2 100996.2 100996.2 100996.2 100996.2 100996.2 100996.2 100996.2 100996.2 100996.2 100996.2 100996.2 100996.2 100996.2 100996.2 100996.2 100996.2 100996.2 100996.2 100996.2 100996.2 100996.2 100996.2 100996.2 100996.2 100996.2 100996.2 100996.2 100996.2 100996.2 100996.2 100996.2 100996.2 100996.2 100996.2 100996.2 100996.2 100996.2 100996.2 100996.2 100996.2 100996.2 100996.2 100996.2 100996.2 100996.2 100996.2 100996.2 100996.2 100996.2 100996.2 100996.2 100996.2 100996.2 100996.2 100996.2 100996.2 100996.2 100996.2 100996.2 100996.2 100996.2 100996.2 100996.2 100996.2 100996.2 100996.2 100996.2 100996.2 100996.2 100996.2 100996.2 100996.2 100996.2 100996.2 100996.2 100996.2 100996.2 100996.2 100996.2 100996.2 100996.2 100996.2 100996.2 100996.2 100996.2 100996.2 100996.2 100996.2 100996.2 100996.2 100996.2 100996.2 100996.2 100996.2 100996.2 100996.2 100996.2 100996.2 100996.2 100996.2 100996.2 100996.2 100996.2 100996.2 100996.2 100996.2 100996.2 100996.2 100996.2 100996.2 100996.2 100996.2 100996.2 100996.2 100996.2 100996.2 100996.2 100996.2 100996.2 100996.2 100996.2 100996.2 100996.2 100996.2 100996.2 100996.2 100996.2 100996.2 100996.2 100996.2 100996.2 100996.2 100996.2 100996.2 100996.2 100996.2 100996.2 100996.2 100996.2 100996.2 100996.2 100996.2 100996.2 100996.2 100996.2 100996.2 100996.2 100996.2 100996.2 100996.2 100996.2 100996.2 100996.2 100996.2 100996.2 100996.2 100996.2 100996.2 100996.2 100996.2 100996.2 100996.2 100996.2 100996.2 100996.2 100996.2 100996.2 100996.2 100996.2 100996.2 100996.2 100996.2 100996.2 100996.2 100996.2 100996.2 100996.2 100996.2 100996.2 100996.2 100996.2 100996.2 100996.2 100996.2 100996.2 100996.2 100996.2 100996.2 100996.2 100996.2 100996.2 100996.2 100996.2 100996.2 100996.2 100996.2 100996.2 100996.2 100996.2 100996.2 100996.2 100996.2 100996.2 100996.2 100996.2 100996.2 100996.2 100996.2 100996.2 100996.2 100996.2 100996.2 100996.2 100996.2 100996.2 100996.2 100996.2 100996.2 100996.2 100996.2 100996.2 100996.2 100996.2 100996.2 100996.2 100996.2 100996.2 100996.2 100996.2 100996.2 100996.2 100996.2 100996.2 100996.2 100996.2 100996.2 100996.2 100996.2 100996.2 100996.2 100996.2 100996.2 100996.2 100996.2 100996.2 100996.2 100996.2 100996.2 100996.2 100996.2 100996.2 100996.2 100996.2 100996.2 100996.2 100996.2 100996.2 100996.2 100996.2 100996.2 100996.2 100996.2 100996.2 100996.2 100996.2 100996.2 100996.2 100996.2 100996.2 100996.2 100996.2 100996.2 100996.2 100996.2 100996.2 100996.2 100996.2 100996.2 100996.2 100996.2 100996.2 100996.2 100996.2 100996.2 100996.2 100996.2 100996.2 100996.2 100996.2 100996.2 100996.2 100996.2 100996.2 100996.2 100996.2 100996.2 100996.2 100996.2 100996.2 100996.2 100996.2 100996.2 100996.2 100996.2 100996.2 100996.2 100996.2 100996.2 100996.2 100996.2 100996.2 100996.2 100996.2 100996.2 100996.2 100996.2 100996.2 100996.2 100996.2 100996.2 100996.2 100996.2 100996.2 100996.2 100996.2 100996.2 100996.2 100996.2 100996.2 100996.2 100996.2 100996.2 100996.2 100996.2 100996.2 100996.2 100996.2 100996.2 100996.2 100996.2 100996.2 100996.2 100996.2 100996.2 100996.2 100996.2 100996.2 100996.2 100996.2 100996.2 100996.2 100996.2 100996.2 100996.2 100996.2 100996.2 100996.2 100996.2 100996.2 100996.2 100996.2 100996.2 100996.2 100996.2 100996.2 100996.2 100996.2 100996.2 100996.2 100996.2 100996.2 100996.2 100996.2 100996.2 100996.2 100996.2 100996.2 100996.2 100996.2 100996.2 100996.2 100996.2 100996.2 100996.2 100996.2 100996.2 100996.2 100996.2 100996.2 100996.2 100996.2 100996.2 100996.2 100996.2 100996.2 100996.2 100996.2 100996.2 100996.2 100996.2 100996.2 100996.2 100996.2 100996.2 100996.2 100996.2 100996.2 100996.2 100996.2 100996.2 100996.2 100996.2 100996.2 100996.2 100996.2 100996.2 100996.2 100996.2 100996.2 100996.2 100996.2 100996.2 100996.2 100996.2 100996.2 100996.2 100996.2 100996.2 100996.2 100996.2 100996.2 100996.2 100996.2 100996.2 100996.2 100996.2 100996.2 100996.2 100996.2 100996.2 100996.2 100996.2 100996.2 100996.2 100996.2 100996.2 100996.2 100996.2 100996.2 100996.2 100996.2 100996.2 100996.2 100996.2 100996.2 100996.2 100996.2 100996.2 100996.2 100996.2 100996.2 100996.2 100996.2 100996.2 100996.2 100996.2 100996.2 100996.2 100996.2 100996.2 100996.2 100996.2 100996.2 100996.2 100996.2 100996.2 100996.2 100996.2 100996.2 100996.2 100996.2 100996.2 100996.2 100996.2 100996.2 100996.2 100996.2 100996.2 100996.2 100996.2 100996.2 100996.2 100996.2 100996.2 100996.2 100996.2 100996.2 100996.2 100996.2 100996.2 100996.2 100996.2 100996.2 100996.2 100996.2 100996.2 100996.2 100996.2 100996.2 100996.2 100996.2 100996.2 100996.2 100996.2 100996.2 100996.2 100996.2 100996.2 100996.2 100996.2 100996.2 100996.2 100996.2 100996.2 100996.2 100996.2 100996.2 100996.2 100996.2 100996.2 100996.2 100996.2 100996.2 100996.2 100996.2 100996.2 100996.2 100996.2 100996.2 100996.2 100996.2 100996.2 100996.2 100996.2 100996.2 100996.2 100996.2 100996.2 100996.2 100996.2 100996.2 100996.2 100996.2 100996.2 100996.2 100996.2 100996.2 100996.2 100996.2 100996.2 100996.2 100996.2 100996.2 100996.2 100996.2 100996.2 100996.2 100996.2 100996.2 100996.2 100996.2 100996.2 100996.2 100996.2 100996.2 100996.2 100996.2 100996.2 100996.2 100996.2 100996.2 100996.2 100996.2 100996.2 100996.2 100996.2 100996.2 100996.2 100996.2 100996.2 100996.2 100996.2 100996.2 100996.2 100996.2 100996.2 100996.2 100996.2 100996.2 100996.2 100996.2 100996.2 100996.2 100996.2 100996.2 100996.2 100996.2 100996.2 100996.2 100996.2 100996.2 100996.2 100996.2 100996.2 100996.2 100996.2 100996.2 100996.2 100996.2 100996.2 100996.2 100996.2 100996.2 100996.2 100996.2 100996.2 100996.2 100996.2 100996.2 100996.2 100996.2 100996.2 100996.2 100996.2 100996.2 100996.2 100996.2 100996.2 100996.2 100996.2 100996.2 100996.2 100996.2 100996.2 100996.2 100996.2 100996.2 100996.2 100996.2 100996.2 100996.2 100996.2 100996.2 100996.2 100996.2 100996.2 100996.2 100996.2 100996.2 100996.2 100996.2 100996.2 100996.2 100996.2 100996.2 100996.2 100996.2 100996.2 100996.2 100996.2 100996.2 100996.2 100996.2 100996.2 100996.2 100996.2 100996.2 100996.2 100996.2 100996.2 100996.2 100996.2 100996.2 100996.2 100996.2 100996.2 100996.2 100996.2 100996.2 100996.2 100996.2 100996.2 100996.2 100996.2 100996.2 100996.2 100996.2 100996.2 100996.2 100996.2 100996.2 100996.2 100996.2 100996.2 100996.2 100996.2 100996.2 100996.2 100996.2 100996.2 100996.2 100996.2 100996.2 100996.2 100996.2 100996.2 100996.2 100996.2 100996.2 100996.2 100996.2 100996.2 100996.2 100996.2 100996.2 100996.2 100996.2 100996.2 100996.2 100996.2 100996.2 100996.2 100996.2 100996.2 100996.2 100996.2 100996.2 100996.2 100996.2 100996.2 100996.2 100996.2 100996.2 100996.2 100996.2 100996.2 100996.2 100996.2 100996.2 100996.2 100996.2 100996.2 100996.2 100996.2 100996.2 100996.2 100996.2 100996.2 100996.2 100996.2 100996.2 100996.2 100996.2 100996.2 100996.2 100996.2 100996.2 100996.2 100996.2 100996.2 100996.2 100996.2 100996.2 100996.2 100996.2 100996.2 100996.2 100996.2 100996.2 100996.2 100996.2 100996.2 100996.2 100996.2 100996.2 100996.2 100996.2 100996.2 100996.2 100996.2 100996.2 100996.2 100996.2 100996.2 100996.2 100996.2 100996.2 100996.2 100996.2 100996.2 100996.2 100996.2 100996.2 100996.2 100996.2 100996.2 100996.2 100996.2 100996.2 100996.2 100996.2 100996.2 100996.2 100996.2 100996.2 100996.2 100996.2 100996.2 100996.2 100996.2 100996.2 100996.2 100996.2 100996.2 100996.2 100996.2 100996.2 100996.2 100996.2 100996.2 100996.2 100996.2 100996.2 100996.2 100996.2 100996.2 100996.2 100996.2 100996.2 100996.2 100996.2 100996.2 100996.2 100996.2 100996.2 100996.2 100996.2 100996.2 100996.2 100996.2 100996.2 100996.2 100996.2 100996.2 100996.2 100996.2 100996.2 100996.2 100996.2 100996.2 100996.2 100996.2 100996.2 100996.2 100996.2 100996.2 100996.2 100996.2 100996.2 100996.2 100996.2 100996.2 100996.2 100996.2 100996.2 100996.2 100996.2 100996.2 100996.2 100996.2 100996.2 100996.2 100996.2 100996.2 100996.2 100996.2 100996.2 100996.2 100996.2 100996.2 100996.2 100996.2 100996.2 100996.2 100996.2 100996.2 100996.2 100996.2 100996.2 100996.2 100996.2 100996.2 100996.2 100996.2 100996.2 100996.2 100996.2 100996.2 100996.2 100996.2 100996.2 100996.2 100996.2 100996.2 100996.2 100996.2 100996.2 100996.2 100996.2 100996.2 100996.2 100996.2 100996.2 100996.2 100996.2 100996.2 100996.2 100996.2 100996.2 100996.2 100996.2 100996.2 100996.2 100996.2 100996.2 100996.2 100996.2 100996.2 100996.2 100996.2 100996.2 100996.2 100996.2 100996.2 100996.2 100996.2 100996.2 100996.2 100996.2 100996.2 100996.2 100996.2 100996.2 100996.2 100996.2 100996.2 100996.2 100996.2 100996.2 100996.2 100996.2 100996.2 100996.2 100996.2 100996.2 100996.2 100996.2 100996.2 100996.2 100996.2 100996.2 100996.2 100996.2 100996.2 100996.2 100996.2 100996.2 100996.2 100996.2 100996.2 100996.2 100996.2 100996.2 100996.2 100996.2 100996.2 100996.2 100996.2 100996.2 100996.2 100996.2 100996.2 100996.2 100996.2 100996.2 100996.2 100996.2 100996.2 100996.2 100996.2 100996.2 100996.2 100996.2 100996.2 100996.2 100996.2 100996.2 100996.2 100996.2 100996.2 100996.2 100996.2 100996.2 100996.2 100996.2 100996.2 100996.2 100996.2 100996.2 100996.2 100996.2 100996.2 100996.2 100996.2 100996.2 100996.2 100996.2 100996.2 100996.2 100996.2 100996.2 100996.2 100996.2 100996.2 100996.2 100996.2 100996.2 100996.2 100996.2 100996.2 100996.2 100996.2 100996.2 100996.2 100996.2 100996.2 100996.2 100996.2 100996.2 100996.2 100996.2 100996.2 100996.2 100996.2 100996.2 100996.2 100996.2 100996.2 100996.2 100996.2 100996.2 100996.2 100996.2 100996.2 100996.2 100996.2 100996.2 100996.2 100996.2 100996.2 100996.2 100996.2 100996.2 100996.2 100996.2 100996.2 100996.2 100996.2 100996.2 100996.2 100996.2 100996.2 100996.2 100996.2 100996.2 100996.2 100996.2 100996.2 100996.2 100996.2 100996.2 100996.2 100996.2 100996.2 100996.2 100996.2 100996.2

