{
  "autolens_version": "2026.4.13.6",
  "instrument": "sma",
  "model": "mge",
  "configuration": {
    "pixel_scale_arcsec": 0.1,
    "mask_radius_arcsec": 3.0,
    "real_space_shape": [
      256,
      256
    ],
    "visibilities": 190,
    "linear_gaussians": 20
  },
  "log_likelihood_eager": -3153.8939746810656,
  "log_likelihood_jit": -3153.902008418832,
  "full_pipeline_single_jit": 0.051202899999952936,
  "vmap": {
    "batch_size": 3,
    "batch_time": 0.07237798000005569,
    "per_call": 0.024125993333351897,
    "speedup_vs_single_jit": 2.1
  },
  "memory_mb": {
    "output": 2.288818359375e-05,
    "temp": 16.98328399658203
  }
}