{
  "autolens_version": "2026.4.13.6",
  "instrument": "sma",
  "model": "pixelization",
  "configuration": {
    "pixel_scale_arcsec": 0.1,
    "mask_radius_arcsec": 3.0,
    "real_space_shape": [
      256,
      256
    ],
    "visibilities": 190,
    "mesh_shape": [
      28,
      28
    ],
    "source_pixels": 784,
    "regularization_coefficient": 1.0
  },
  "log_likelihood_eager": -3153.6149372324658,
  "figure_of_merit_eager": -3165.251161569041,
  "log_evidence_jit": -3165.251161569041,
  "full_pipeline_single_jit": 0.3676104600001054,
  "vmap": {
    "batch_size": 3,
    "batch_time": 1.0121201800000563,
    "per_call": 0.3373733933333521,
    "speedup_vs_single_jit": 1.1
  },
  "memory_mb": {
    "output": 2.288818359375e-05,
    "temp": 170.78638458251953
  }
}