{
  "autolens_version": "2026.5.14.2",
  "device": {
    "backend": "gpu",
    "device": "cuda:0",
    "nvidia_smi": "NVIDIA GeForce RTX 2060 with Max-Q Design, 3252 MiB, 6144 MiB"
  },
  "instrument": "sma",
  "model": "delaunay",
  "configuration": {
    "pixel_scale_arcsec": 0.1,
    "mask_radius_arcsec": 3.0,
    "real_space_shape": [
      256,
      256
    ],
    "visibilities": 190,
    "hilbert_pixels": 1000,
    "delaunay_vertices": 1000,
    "edge_zeroed_pixels": 0,
    "regularization_coefficient": 1.0
  },
  "log_likelihood_eager": -3152.3851986345717,
  "figure_of_merit_eager": -3167.1446387817355,
  "log_evidence_jit": -3167.1446387768838,
  "steps": {
    "Ray-trace data grid": 0.0027977799998552657,
    "Ray-trace mesh grid": 0.002799830000003567,
    "Inversion setup (steps 5-8 combined, incl. NUFFT)": 0.062334789999840726,
    "Data vector (D)": 0.0005977799999527633,
    "Curvature matrix (F)": 0.005227459999878193,
    "Regularization matrix (H)": 0.022318100000120467,
    "Regularized reconstruction": 0.08168509999995877,
    "Mapped recon + log evidence": 0.03330643000008422
  },
  "total_step_by_step": 0.211067269999694,
  "full_pipeline_single_jit": 0.13836795999995957,
  "vmap": "SKIPPED \u2014 opt-in via DELAUNAY_VMAP=1",
  "memory_mb": null
}