{
  "autolens_version": "2026.5.14.2",
  "device": {
    "backend": "cpu",
    "device": "TFRT_CPU_0"
  },
  "instrument": "sma",
  "model": "delaunay",
  "configuration": {
    "pixel_scale_arcsec": 0.1,
    "mask_radius_arcsec": 3.0,
    "real_space_shape": [
      256,
      256
    ],
    "visibilities": 190,
    "hilbert_pixels": 1000,
    "delaunay_vertices": 1000,
    "edge_zeroed_pixels": 0,
    "regularization_coefficient": 1.0
  },
  "log_likelihood_eager": -3152.3851986345717,
  "figure_of_merit_eager": -3167.1446387817355,
  "log_evidence_jit": -3167.144638779406,
  "steps": {
    "Ray-trace data grid": 0.0005618400000003021,
    "Ray-trace mesh grid": 0.00033986999997068776,
    "Inversion setup (steps 5-8 combined, incl. NUFFT)": 0.2705333000000337,
    "Data vector (D)": 0.0007767399999920599,
    "Curvature matrix (F)": 0.036160750000044574,
    "Regularization matrix (H)": 0.008952399999998306,
    "Regularized reconstruction": 0.26729473000000326,
    "Mapped recon + log evidence": 0.04538525000002665
  },
  "total_step_by_step": 0.6300048800000696,
  "full_pipeline_single_jit": 0.7880197699999826,
  "vmap": "SKIPPED \u2014 opt-in via DELAUNAY_VMAP=1",
  "memory_mb": null
}