{
  "autolens_version": "2026.5.14.2",
  "device": {
    "backend": "gpu",
    "device": "cuda:0",
    "nvidia_smi": "NVIDIA GeForce RTX 2060 with Max-Q Design, 3252 MiB, 6144 MiB"
  },
  "instrument": "sma",
  "model": "delaunay",
  "configuration": {
    "pixel_scale_arcsec": 0.1,
    "mask_radius_arcsec": 3.0,
    "real_space_shape": [
      256,
      256
    ],
    "visibilities": 190,
    "hilbert_pixels": 1000,
    "delaunay_vertices": 1000,
    "edge_zeroed_pixels": 0,
    "regularization_coefficient": 1.0
  },
  "log_likelihood_eager": -3152.385198632988,
  "figure_of_merit_eager": -3167.144638780922,
  "log_evidence_jit": -3167.144638775059,
  "steps": {
    "Ray-trace data grid": 0.002934600000116916,
    "Ray-trace mesh grid": 0.0029093900000589203,
    "Inversion setup (steps 5-8 combined, incl. NUFFT)": 0.03854974000005314,
    "Data vector (D)": 0.00026956999990943584,
    "Curvature matrix (F)": 0.0051286899999468,
    "Regularization matrix (H)": 0.017311900001004688,
    "Regularized reconstruction": 0.07841918000012811,
    "Mapped recon + log evidence": 0.03029205999991973
  },
  "total_step_by_step": 0.17581513000113774,
  "full_pipeline_single_jit": 0.1309565499999735,
  "vmap": "SKIPPED \u2014 opt-in via DELAUNAY_VMAP=1",
  "memory_mb": null
}