{
  "autolens_version": "2026.4.13.6",
  "dataset": "simple",
  "fit_positions_cls": "FitPositionsImagePairAll",
  "configuration": {
    "observed_image_positions": 2,
    "positions_noise_sigma": 0.2,
    "free_parameters": 1
  },
  "eager_per_call": 0.19437511000005542,
  "eager_log_likelihood": 0.07475703623045682,
  "full_pipeline_single_jit": 0.04374364999994214,
  "full_pipeline_log_likelihood": 0.07475703623045526,
  "vmap": {
    "batch_size": 3,
    "batch_time": 0.04184287999996741,
    "per_call": 0.013947626666655803,
    "speedup_vs_single_jit": 3.1
  }
}