{
  "configs": {
    "local_gpu_fp64": {
      "config_name": "local_gpu_fp64",
      "use_mixed_precision": false,
      "autolens_version": "2026.5.8.2",
      "instrument": "hst",
      "configuration": {
        "pixel_scale_arcsec": 0.05,
        "mask_radius_arcsec": 3.5,
        "image_pixels_masked": 15361,
        "over_sampled_pixels": 17980,
        "overlay_shape": [
          39,
          39
        ],
        "edge_n_points": 30,
        "n_mesh_vertices": 1231,
        "edge_pixels_total": 30
      },
      "device": {
        "backend": "gpu",
        "device": "cuda:0",
        "nvidia_smi": "NVIDIA GeForce RTX 2060 with Max-Q Design, 2684 MiB, 6144 MiB"
      },
      "log_likelihood": {
        "eager_numpy": 30663.971141989932,
        "eager_log_evidence": 26288.321397232066,
        "step_by_step_jit_log_evidence": -Infinity,
        "full_pipeline_jit": 26288.321397235675,
        "vmap_first_element": 26288.321397234053
      },
      "steps": {
        "Ray-trace data grid": 0.003010619999986375,
        "Ray-trace mesh grid": 0.002926930000103312,
        "Lens light images (pre-PSF)": 0.0002571299999544863,
        "Blurred image (PSF convolution)": 0.004019840000000841,
        "Profile-subtracted image": 0.001996520000102464,
        "Inversion setup (steps 5-8 combined)": 0.11745319000001472,
        "Data vector (D)": 0.001528370000050927,
        "Curvature matrix (F)": 0.2742981600000348,
        "Regularization matrix (H)": 0.017982100000153878,
        "Regularized reconstruction": 0.16856941000005463,
        "Mapped recon + log evidence": 0.038025519999973764
      },
      "total_step_by_step": 0.6300677900004302,
      "full_pipeline_per_call": 0.5896714300000895,
      "vmap": {
        "batch_size": 3,
        "batch_time": 2.862727979999909,
        "per_call": 0.9542426599999696,
        "speedup_vs_single_jit": 0.62
      },
      "memory_mb": {
        "output": 2.288818359375e-05,
        "temp": 2270.653045654297
      }
    },
    "local_gpu_mp": {
      "config_name": "local_gpu_mp",
      "use_mixed_precision": true,
      "autolens_version": "2026.5.8.2",
      "instrument": "hst",
      "configuration": {
        "pixel_scale_arcsec": 0.05,
        "mask_radius_arcsec": 3.5,
        "image_pixels_masked": 15361,
        "over_sampled_pixels": 17980,
        "overlay_shape": [
          39,
          39
        ],
        "edge_n_points": 30,
        "n_mesh_vertices": 1231,
        "edge_pixels_total": 30
      },
      "device": {
        "backend": "gpu",
        "device": "cuda:0",
        "nvidia_smi": "NVIDIA GeForce RTX 2060 with Max-Q Design, 2676 MiB, 6144 MiB"
      },
      "log_likelihood": {
        "eager_numpy": 30663.971140649224,
        "eager_log_evidence": 26288.32139554264,
        "step_by_step_jit_log_evidence": -Infinity,
        "full_pipeline_jit": 26288.321444970345,
        "vmap_first_element": 26288.321444967998
      },
      "steps": {
        "Ray-trace data grid": 0.0028517799999463024,
        "Ray-trace mesh grid": 0.002935520000028191,
        "Lens light images (pre-PSF)": 0.00018883999982790555,
        "Blurred image (PSF convolution)": 0.003908799999953772,
        "Profile-subtracted image": 0.0019177500000296277,
        "Inversion setup (steps 5-8 combined)": 0.08219171999990067,
        "Data vector (D)": 0.0017704500000036206,
        "Curvature matrix (F)": 0.27467043999986346,
        "Regularization matrix (H)": 0.023516700000982382,
        "Regularized reconstruction": 0.16754204999997455,
        "Mapped recon + log evidence": 0.03828632000004291
      },
      "total_step_by_step": 0.5997803700005534,
      "full_pipeline_per_call": 0.5573930299999119,
      "vmap": {
        "batch_size": 3,
        "batch_time": 3.65220584000017,
        "per_call": 1.2174019466667232,
        "speedup_vs_single_jit": 0.46
      },
      "memory_mb": {
        "output": 2.288818359375e-05,
        "temp": 2270.645721435547
      }
    },
    "hpc_a100_fp64": {
      "config_name": "hpc_a100_fp64",
      "use_mixed_precision": false,
      "autolens_version": "2026.5.1.4",
      "instrument": "hst",
      "configuration": {
        "pixel_scale_arcsec": 0.05,
        "mask_radius_arcsec": 3.5,
        "image_pixels_masked": 15361,
        "over_sampled_pixels": 17980,
        "overlay_shape": [
          39,
          39
        ],
        "edge_n_points": 30,
        "n_mesh_vertices": 1231,
        "edge_pixels_total": 30
      },
      "device": {
        "backend": "gpu",
        "device": "cuda:0",
        "nvidia_smi": "NVIDIA A100 80GB PCIe, 19740 MiB, 81920 MiB"
      },
      "log_likelihood": {
        "eager_numpy": 30663.971141989932,
        "eager_log_evidence": 26288.321397232066,
        "step_by_step_jit_log_evidence": -Infinity,
        "full_pipeline_jit": 26289.224609375,
        "vmap_first_element": 26287.41796875
      },
      "steps": {
        "Ray-trace data grid": 0.00020319879986345767,
        "Ray-trace mesh grid": 0.00021878269617445767,
        "Lens light images (pre-PSF)": 0.00017898199730552732,
        "Blurred image (PSF convolution)": 0.0012420796963851898,
        "Profile-subtracted image": 0.00020173180382698774,
        "Inversion setup (steps 5-8 combined)": 0.030550622096052395,
        "Data vector (D)": 0.00028004039777442815,
        "Curvature matrix (F)": 0.0013284842018038035,
        "Regularization matrix (H)": 0.022216979996301234,
        "Regularized reconstruction": 0.015591122704790905,
        "Mapped recon + log evidence": 0.00732726120040752
      },
      "total_step_by_step": 0.07933928559068591,
      "full_pipeline_per_call": 0.04962046109721996,
      "vmap": {
        "batch_size": 3,
        "batch_time": 1.3153852339019068,
        "per_call": 0.4384617446339689,
        "speedup_vs_single_jit": 0.11
      },
      "memory_mb": {
        "output": 1.1444091796875e-05,
        "temp": 1135.7553405761719
      }
    },
    "hpc_a100_mp": {
      "config_name": "hpc_a100_mp",
      "use_mixed_precision": true,
      "autolens_version": "2026.5.1.4",
      "instrument": "hst",
      "configuration": {
        "pixel_scale_arcsec": 0.05,
        "mask_radius_arcsec": 3.5,
        "image_pixels_masked": 15361,
        "over_sampled_pixels": 17980,
        "overlay_shape": [
          39,
          39
        ],
        "edge_n_points": 30,
        "n_mesh_vertices": 1231,
        "edge_pixels_total": 30
      },
      "device": {
        "backend": "gpu",
        "device": "cuda:0",
        "nvidia_smi": "NVIDIA A100 80GB PCIe, 19740 MiB, 81920 MiB"
      },
      "log_likelihood": {
        "eager_numpy": 30663.971140649224,
        "eager_log_evidence": 26288.32139554264,
        "step_by_step_jit_log_evidence": -Infinity,
        "full_pipeline_jit": 26289.24609375,
        "vmap_first_element": 26287.41796875
      },
      "steps": {
        "Ray-trace data grid": 0.0002118417003657669,
        "Ray-trace mesh grid": 0.00021295769838616251,
        "Lens light images (pre-PSF)": 0.00016177899669855833,
        "Blurred image (PSF convolution)": 0.0012322876020334661,
        "Profile-subtracted image": 0.00020532779744826258,
        "Inversion setup (steps 5-8 combined)": 0.03031519799842499,
        "Data vector (D)": 0.00030581910395994784,
        "Curvature matrix (F)": 0.0013421968964394183,
        "Regularization matrix (H)": 0.022244966006837785,
        "Regularized reconstruction": 0.015587593498639762,
        "Mapped recon + log evidence": 0.007340310898143798
      },
      "total_step_by_step": 0.07916027819737792,
      "full_pipeline_per_call": 0.049615609302418304,
      "vmap": {
        "batch_size": 3,
        "batch_time": 1.3235516545013524,
        "per_call": 0.4411838848337841,
        "speedup_vs_single_jit": 0.11
      },
      "memory_mb": {
        "output": 1.1444091796875e-05,
        "temp": 1135.7553405761719
      }
    }
  },