{
  "configs": {
    "local_cpu_fp64": {
      "config_name": "local_cpu_fp64",
      "use_mixed_precision": false,
      "autolens_version": "2026.5.8.2",
      "instrument": "hst",
      "configuration": {
        "pixel_scale_arcsec": 0.05,
        "mask_radius_arcsec": 3.5,
        "image_pixels_masked": 15361,
        "over_sampled_pixels": 17980,
        "overlay_shape": [
          26,
          26
        ],
        "edge_n_points": 30,
        "n_mesh_vertices": 570,
        "edge_pixels_total": 30
      },
      "device": {
        "backend": "cpu",
        "device": "cpu"
      },
      "log_likelihood": {
        "eager_numpy": 31594.79528120125,
        "eager_log_evidence": 29179.9490711974,
        "step_by_step_jit_log_evidence": 29179.949071196883,
        "full_pipeline_jit": 29179.949071203526,
        "vmap_first_element": 29179.949071203504
      },
      "steps": {
        "Ray-trace data grid": 0.0029925100000127713,
        "Ray-trace mesh grid": 0.0004017000000203552,
        "Lens light images (pre-PSF)": 1.5970000004017492e-05,
        "Blurred image (PSF convolution)": 0.006086279999999533,
        "Profile-subtracted image": 8.162999997693988e-05,
        "Inversion setup (steps 5-8 combined)": 0.6437937499999862,
        "Data vector (D)": 0.003931839999995646,
        "Curvature matrix (F)": 0.5242672899999888,
        "Regularization matrix (H)": 0.011810200000127224,
        "Regularized reconstruction": 0.07206992000001264,
        "Mapped recon + log evidence": 0.018162660000007234
      },
      "total_step_by_step": 1.2836137500001314,
      "full_pipeline_per_call": 1.1180814800000007,
      "vmap": {
        "batch_size": 3,
        "batch_time": 3.9822933999999806,
        "per_call": 1.3274311333333269,
        "speedup_vs_single_jit": 0.84
      },
      "memory_mb": {
        "output": 2.288818359375e-05,
        "temp": 850.3049468994141
      }
    },
    "local_gpu_fp64": {
      "config_name": "local_gpu_fp64",
      "use_mixed_precision": false,
      "autolens_version": "2026.5.8.2",
      "instrument": "hst",
      "configuration": {
        "pixel_scale_arcsec": 0.05,
        "mask_radius_arcsec": 3.5,
        "image_pixels_masked": 15361,
        "over_sampled_pixels": 17980,
        "overlay_shape": [
          26,
          26
        ],
        "edge_n_points": 30,
        "n_mesh_vertices": 570,
        "edge_pixels_total": 30
      },
      "device": {
        "backend": "gpu",
        "device": "cuda:0",
        "nvidia_smi": "NVIDIA GeForce RTX 2060 with Max-Q Design, 1164 MiB, 6144 MiB"
      },
      "log_likelihood": {
        "eager_numpy": 31594.79528120125,
        "eager_log_evidence": 29179.9490711974,
        "step_by_step_jit_log_evidence": 29179.949071199306,
        "full_pipeline_jit": 29179.949071200524,
        "vmap_first_element": 29179.949071201063
      },
      "steps": {
        "Ray-trace data grid": 0.0032579700000496814,
        "Ray-trace mesh grid": 0.002844279999953869,
        "Lens light images (pre-PSF)": 0.00035651000016514447,
        "Blurred image (PSF convolution)": 0.0042194600000584614,
        "Profile-subtracted image": 0.0019058500000028288,
        "Inversion setup (steps 5-8 combined)": 0.05763576999997895,
        "Data vector (D)": 0.0015400500000396279,
        "Curvature matrix (F)": 0.051262489999862736,
        "Regularization matrix (H)": 0.014325099999041413,
        "Regularized reconstruction": 0.035858030000053984,
        "Mapped recon + log evidence": 0.010092760000043199
      },
      "total_step_by_step": 0.1832982699992499,
      "full_pipeline_per_call": 0.1624657499998648,
      "vmap": {
        "batch_size": 3,
        "batch_time": 0.6826937699999689,
        "per_call": 0.22756458999998963,
        "speedup_vs_single_jit": 0.71
      },
      "memory_mb": {
        "output": 2.288818359375e-05,
        "temp": 851.646598815918
      }
    },
    "local_gpu_mp": {
      "config_name": "local_gpu_mp",
      "use_mixed_precision": true,
      "autolens_version": "2026.5.8.2",
      "instrument": "hst",
      "configuration": {
        "pixel_scale_arcsec": 0.05,
        "mask_radius_arcsec": 3.5,
        "image_pixels_masked": 15361,
        "over_sampled_pixels": 17980,
        "overlay_shape": [
          26,
          26
        ],
        "edge_n_points": 30,
        "n_mesh_vertices": 570,
        "edge_pixels_total": 30
      },
      "device": {
        "backend": "gpu",
        "device": "cuda:0",
        "nvidia_smi": "NVIDIA GeForce RTX 2060 with Max-Q Design, 1156 MiB, 6144 MiB"
      },
      "log_likelihood": {
        "eager_numpy": 31594.795272607767,
        "eager_log_evidence": 29179.949063467287,
        "step_by_step_jit_log_evidence": 29179.949063469194,
        "full_pipeline_jit": 29179.949004353046,
        "vmap_first_element": 29179.949004355214
      },
      "steps": {
        "Ray-trace data grid": 0.0030549799999789683,
        "Ray-trace mesh grid": 0.002764940000088245,
        "Lens light images (pre-PSF)": 0.00034338000004936476,
        "Blurred image (PSF convolution)": 0.004429949999939708,
        "Profile-subtracted image": 0.0018868899998778943,
        "Inversion setup (steps 5-8 combined)": 0.040407549999872575,
        "Data vector (D)": 0.0015812600000572274,
        "Curvature matrix (F)": 0.054472619999978635,
        "Regularization matrix (H)": 0.023838200000682264,
        "Regularized reconstruction": 0.036608200000046054,
        "Mapped recon + log evidence": 0.010715569999956643
      },
      "total_step_by_step": 0.18010354000052758,
      "full_pipeline_per_call": 0.12341281999997591,
      "vmap": {
        "batch_size": 3,
        "batch_time": 0.5212499600000229,
        "per_call": 0.1737499866666743,
        "speedup_vs_single_jit": 0.71
      },
      "memory_mb": {
        "output": 2.288818359375e-05,
        "temp": 851.646598815918
      }
    },
    "hpc_a100_fp64": {
      "config_name": "hpc_a100_fp64",
      "use_mixed_precision": false,
      "autolens_version": "2026.5.1.4",
      "instrument": "hst",
      "configuration": {
        "pixel_scale_arcsec": 0.05,
        "mask_radius_arcsec": 3.5,
        "image_pixels_masked": 15361,
        "over_sampled_pixels": 17980,
        "overlay_shape": [
          26,
          26
        ],
        "edge_n_points": 30,
        "n_mesh_vertices": 570,
        "edge_pixels_total": 30
      },
      "device": {
        "backend": "gpu",
        "device": "cuda:0",
        "nvidia_smi": "NVIDIA A100 80GB PCIe, 19760 MiB, 81920 MiB"
      },
      "log_likelihood": {
        "eager_numpy": 31594.79528120125,
        "eager_log_evidence": 29179.9490711974,
        "step_by_step_jit_log_evidence": 29181.05078125,
        "full_pipeline_jit": 29181.08984375,
        "vmap_first_element": 29180.4296875
      },
      "steps": {
        "Ray-trace data grid": 0.00021460779826156794,
        "Ray-trace mesh grid": 0.0002132926951162517,
        "Lens light images (pre-PSF)": 0.00019483789801597596,
        "Blurred image (PSF convolution)": 0.0003960567992180586,
        "Profile-subtracted image": 0.00020155580132268368,
        "Inversion setup (steps 5-8 combined)": 0.012004996399627998,
        "Data vector (D)": 0.000227632699534297,
        "Curvature matrix (F)": 0.0005076491041108965,
        "Regularization matrix (H)": 0.01735534198815003,
        "Regularized reconstruction": 0.00448926780372858,
        "Mapped recon + log evidence": 0.00311801049974747
      },
      "total_step_by_step": 0.03892324948683381,
      "full_pipeline_per_call": 0.01732162349508144,
      "vmap": {
        "batch_size": 3,
        "batch_time": 0.21163635239936412,
        "per_call": 0.07054545079978804,
        "speedup_vs_single_jit": 0.25
      },
      "memory_mb": {
        "output": 1.1444091796875e-05,
        "temp": 426.1682891845703
      }
    },
    "hpc_a100_mp": {
      "config_name": "hpc_a100_mp",