{
  "configs": {
    "local_gpu_fp64": {
      "config_name": "local_gpu_fp64",
      "use_mixed_precision": false,
      "autolens_version": "2026.5.8.2",
      "instrument": "hst",
      "configuration": {
        "pixel_scale_arcsec": 0.05,
        "mask_radius_arcsec": 3.5,
        "image_pixels_masked": 15361,
        "over_sampled_pixels": 17980,
        "overlay_shape": [
          39,
          39
        ],
        "edge_n_points": 30,
        "n_mesh_vertices": 1231,
        "edge_pixels_total": 30
      },
      "device": {
        "backend": "gpu",
        "device": "cuda:0",
        "nvidia_smi": "NVIDIA GeForce RTX 2060 with Max-Q Design, 2700 MiB, 6144 MiB"
      },
      "log_likelihood": {
        "eager_numpy": 31807.313121797593,
        "eager_log_evidence": 27433.90296505439,
        "step_by_step_jit_log_evidence": 27433.902965055946,
        "full_pipeline_jit": 27433.90296505801,
        "vmap_first_element": 27433.90296505529
      },
      "steps": {
        "Ray-trace data grid": 0.0031945199998517637,
        "Ray-trace mesh grid": 0.0028362400000332853,
        "Lens light images (pre-PSF)": 0.00027716999993572246,
        "Blurred image (PSF convolution)": 0.0040704200000618584,
        "Profile-subtracted image": 0.0020576199998686207,
        "Inversion setup (steps 5-8 combined)": 0.10819143999997323,
        "Data vector (D)": 0.0015465700000277139,
        "Curvature matrix (F)": 0.24676901999991968,
        "Regularization matrix (H)": 0.013245500000266475,
        "Regularized reconstruction": 0.10976150000005873,
        "Mapped recon + log evidence": 0.0328964399999677
      },
      "total_step_by_step": 0.5248464399999647,
      "full_pipeline_per_call": 0.47485861999994083,
      "vmap": {
        "batch_size": 3,
        "batch_time": 1.6222352799999498,
        "per_call": 0.5407450933333166,
        "speedup_vs_single_jit": 0.88
      },
      "memory_mb": {
        "output": 2.288818359375e-05,
        "temp": 1837.821403503418
      }
    },
    "local_gpu_mp": {
      "config_name": "local_gpu_mp",
      "use_mixed_precision": true,
      "autolens_version": "2026.5.8.2",
      "instrument": "hst",
      "configuration": {
        "pixel_scale_arcsec": 0.05,
        "mask_radius_arcsec": 3.5,
        "image_pixels_masked": 15361,
        "over_sampled_pixels": 17980,
        "overlay_shape": [
          39,
          39
        ],
        "edge_n_points": 30,
        "n_mesh_vertices": 1231,
        "edge_pixels_total": 30
      },
      "device": {
        "backend": "gpu",
        "device": "cuda:0",
        "nvidia_smi": "NVIDIA GeForce RTX 2060 with Max-Q Design, 2692 MiB, 6144 MiB"
      },
      "log_likelihood": {
        "eager_numpy": 31807.3131181345,
        "eager_log_evidence": 27433.902960836793,
        "step_by_step_jit_log_evidence": 27433.90296083835,
        "full_pipeline_jit": 27433.902932919293,
        "vmap_first_element": 27433.90293291703
      },
      "steps": {
        "Ray-trace data grid": 0.003202880000026198,
        "Ray-trace mesh grid": 0.0030391800000870717,
        "Lens light images (pre-PSF)": 0.00023873000009189127,
        "Blurred image (PSF convolution)": 0.004182290000062494,
        "Profile-subtracted image": 0.001971369999955641,
        "Inversion setup (steps 5-8 combined)": 0.0708721199998763,
        "Data vector (D)": 0.0017729299999700743,
        "Curvature matrix (F)": 0.24520329999995738,
        "Regularization matrix (H)": 0.013093100000332925,
        "Regularized reconstruction": 0.10958752000005915,
        "Mapped recon + log evidence": 0.03261928000010812
      },
      "total_step_by_step": 0.48578270000052726,
      "full_pipeline_per_call": 0.4375674299999446,
      "vmap": {
        "batch_size": 3,
        "batch_time": 1.5017990700000154,
        "per_call": 0.5005996900000051,
        "speedup_vs_single_jit": 0.87
      },
      "memory_mb": {
        "output": 2.288818359375e-05,
        "temp": 1837.821403503418
      }
    },
    "hpc_a100_fp64": {
      "config_name": "hpc_a100_fp64",
      "use_mixed_precision": false,
      "autolens_version": "2026.5.1.4",
      "instrument": "hst",
      "configuration": {
        "pixel_scale_arcsec": 0.05,
        "mask_radius_arcsec": 3.5,
        "image_pixels_masked": 15361,
        "over_sampled_pixels": 17980,
        "overlay_shape": [
          39,
          39
        ],
        "edge_n_points": 30,
        "n_mesh_vertices": 1231,
        "edge_pixels_total": 30
      },
      "device": {
        "backend": "gpu",
        "device": "cuda:0",
        "nvidia_smi": "NVIDIA A100 80GB PCIe, 19760 MiB, 81920 MiB"
      },
      "log_likelihood": {
        "eager_numpy": 31807.313121797593,
        "eager_log_evidence": 27433.90296505439,
        "step_by_step_jit_log_evidence": 27435.212890625,
        "full_pipeline_jit": 27435.1953125,
        "vmap_first_element": 27434.66015625
      },
      "steps": {
        "Ray-trace data grid": 0.00020824900129809976,
        "Ray-trace mesh grid": 0.00019616499776020646,
        "Lens light images (pre-PSF)": 0.00018470910144969822,
        "Blurred image (PSF convolution)": 0.00037894220440648496,
        "Profile-subtracted image": 0.00019258109969086946,
        "Inversion setup (steps 5-8 combined)": 0.02228374619735405,
        "Data vector (D)": 0.000257127801887691,
        "Curvature matrix (F)": 0.0010658786981366576,
        "Regularization matrix (H)": 0.020649816025979817,
        "Regularized reconstruction": 0.01045950260013342,
        "Mapped recon + log evidence": 0.0070310116978362204
      },
      "total_step_by_step": 0.06290772942593321,
      "full_pipeline_per_call": 0.03489544090116396,
      "vmap": {
        "batch_size": 3,
        "batch_time": 0.2874228126020171,
        "per_call": 0.09580760420067236,
        "speedup_vs_single_jit": 0.36
      },
      "memory_mb": {
        "output": 1.1444091796875e-05,
        "temp": 919.3462677001953
      }
    },
    "hpc_a100_mp": {
      "config_name": "hpc_a100_mp",
      "use_mixed_precision": true,
      "autolens_version": "2026.5.1.4",
      "instrument": "hst",
      "configuration": {
        "pixel_scale_arcsec": 0.05,
        "mask_radius_arcsec": 3.5,
        "image_pixels_masked": 15361,
        "over_sampled_pixels": 17980,
        "overlay_shape": [
          39,
          39
        ],
        "edge_n_points": 30,
        "n_mesh_vertices": 1231,
        "edge_pixels_total": 30
      },
      "device": {
        "backend": "gpu",
        "device": "cuda:0",
        "nvidia_smi": "NVIDIA A100 80GB PCIe, 19760 MiB, 81920 MiB"
      },
      "log_likelihood": {
        "eager_numpy": 31807.3131181345,
        "eager_log_evidence": 27433.902960836793,
        "step_by_step_jit_log_evidence": 27435.212890625,
        "full_pipeline_jit": 27435.19921875,
        "vmap_first_element": 27434.80859375
      },
      "steps": {
        "Ray-trace data grid": 0.00021611269912682473,
        "Ray-trace mesh grid": 0.0002029687981121242,
        "Lens light images (pre-PSF)": 0.0001770028960891068,
        "Blurred image (PSF convolution)": 0.00038067870191298424,
        "Profile-subtracted image": 0.0002062226994894445,
        "Inversion setup (steps 5-8 combined)": 0.02319862869917415,
        "Data vector (D)": 0.0002857463026884943,
        "Curvature matrix (F)": 0.0010766945022623986,
        "Regularization matrix (H)": 0.021226199984084815,
        "Regularized reconstruction": 0.010263326502172276,
        "Mapped recon + log evidence": 0.006878627004334703
      },
      "total_step_by_step": 0.06411220878944732,
      "full_pipeline_per_call": 0.03569220550125465,
      "vmap": {
        "batch_size": 3,
        "batch_time": 0.28484125469694843,
        "per_call": 0.0949470848989828,
        "speedup_vs_single_jit": 0.38
      },
      "memory_mb": {
        "output": 1.1444091796875e-05,
        "temp": 919.3462677001953
      }
    }
  },