{
  "config_name": "hpc_a100_mp",
  "use_mixed_precision": true,
  "autolens_version": "2026.5.1.4",
  "instrument": "hst",
  "configuration": {
    "pixel_scale_arcsec": 0.05,
    "mask_radius_arcsec": 3.5,
    "image_pixels_masked": 15361,
    "over_sampled_pixels": 17980,
    "overlay_shape": [
      39,
      39
    ],
    "edge_n_points": 30,
    "n_mesh_vertices": 1231,
    "edge_pixels_total": 30
  },
  "device": {
    "backend": "gpu",
    "device": "cuda:0",
    "nvidia_smi": "NVIDIA A100 80GB PCIe, 19760 MiB, 81920 MiB"
  },
  "log_likelihood": {
    "eager_numpy": 31807.3131181345,
    "eager_log_evidence": 27433.902960836793,
    "step_by_step_jit_log_evidence": 27435.212890625,
    "full_pipeline_jit": 27435.19921875,
    "vmap_first_element": 27434.80859375
  },
  "steps": {
    "Ray-trace data grid": 0.00021611269912682473,
    "Ray-trace mesh grid": 0.0002029687981121242,
    "Lens light images (pre-PSF)": 0.0001770028960891068,
    "Blurred image (PSF convolution)": 0.00038067870191298424,
    "Profile-subtracted image": 0.0002062226994894445,
    "Inversion setup (steps 5-8 combined)": 0.02319862869917415,
    "Data vector (D)": 0.0002857463026884943,
    "Curvature matrix (F)": 0.0010766945022623986,
    "Regularization matrix (H)": 0.021226199984084815,
    "Regularized reconstruction": 0.010263326502172276,
    "Mapped recon + log evidence": 0.006878627004334703
  },
  "total_step_by_step": 0.06411220878944732,
  "full_pipeline_per_call": 0.03569220550125465,
  "vmap": {
    "batch_size": 3,
    "batch_time": 0.28484125469694843,
    "per_call": 0.0949470848989828,
    "speedup_vs_single_jit": 0.38
  },
  "memory_mb": {
    "output": 1.1444091796875e-05,
    "temp": 919.3462677001953
  }
}