{
  "config_name": "local_gpu_mp",
  "use_mixed_precision": true,
  "autolens_version": "2026.5.8.2",
  "instrument": "hst",
  "configuration": {
    "pixel_scale_arcsec": 0.05,
    "mask_radius_arcsec": 3.5,
    "image_pixels_masked": 15361,
    "over_sampled_pixels": 17980,
    "overlay_shape": [
      39,
      39
    ],
    "edge_n_points": 30,
    "n_mesh_vertices": 1231,
    "edge_pixels_total": 30
  },
  "device": {
    "backend": "gpu",
    "device": "cuda:0",
    "nvidia_smi": "NVIDIA GeForce RTX 2060 with Max-Q Design, 2676 MiB, 6144 MiB"
  },
  "log_likelihood": {
    "eager_numpy": 30663.971140649224,
    "eager_log_evidence": 26288.32139554264,
    "step_by_step_jit_log_evidence": -Infinity,
    "full_pipeline_jit": 26288.321444970345,
    "vmap_first_element": 26288.321444967998
  },
  "steps": {
    "Ray-trace data grid": 0.0028517799999463024,
    "Ray-trace mesh grid": 0.002935520000028191,
    "Lens light images (pre-PSF)": 0.00018883999982790555,
    "Blurred image (PSF convolution)": 0.003908799999953772,
    "Profile-subtracted image": 0.0019177500000296277,
    "Inversion setup (steps 5-8 combined)": 0.08219171999990067,
    "Data vector (D)": 0.0017704500000036206,
    "Curvature matrix (F)": 0.27467043999986346,
    "Regularization matrix (H)": 0.023516700000982382,
    "Regularized reconstruction": 0.16754204999997455,
    "Mapped recon + log evidence": 0.03828632000004291
  },
  "total_step_by_step": 0.5997803700005534,
  "full_pipeline_per_call": 0.5573930299999119,
  "vmap": {
    "batch_size": 3,
    "batch_time": 3.65220584000017,
    "per_call": 1.2174019466667232,
    "speedup_vs_single_jit": 0.46
  },
  "memory_mb": {
    "output": 2.288818359375e-05,
    "temp": 2270.645721435547
  }
}