{
  "config_name": "local_gpu_fp64",
  "use_mixed_precision": false,
  "autolens_version": "2026.5.8.2",
  "instrument": "hst",
  "configuration": {
    "pixel_scale_arcsec": 0.05,
    "mask_radius_arcsec": 3.5,
    "image_pixels_masked": 15361,
    "over_sampled_pixels": 17980,
    "overlay_shape": [
      39,
      39
    ],
    "edge_n_points": 30,
    "n_mesh_vertices": 1231,
    "edge_pixels_total": 30
  },
  "device": {
    "backend": "gpu",
    "device": "cuda:0",
    "nvidia_smi": "NVIDIA GeForce RTX 2060 with Max-Q Design, 2684 MiB, 6144 MiB"
  },
  "log_likelihood": {
    "eager_numpy": 30663.971141989932,
    "eager_log_evidence": 26288.321397232066,
    "step_by_step_jit_log_evidence": -Infinity,
    "full_pipeline_jit": 26288.321397235675,
    "vmap_first_element": 26288.321397234053
  },
  "steps": {
    "Ray-trace data grid": 0.003010619999986375,
    "Ray-trace mesh grid": 0.002926930000103312,
    "Lens light images (pre-PSF)": 0.0002571299999544863,
    "Blurred image (PSF convolution)": 0.004019840000000841,
    "Profile-subtracted image": 0.001996520000102464,
    "Inversion setup (steps 5-8 combined)": 0.11745319000001472,
    "Data vector (D)": 0.001528370000050927,
    "Curvature matrix (F)": 0.2742981600000348,
    "Regularization matrix (H)": 0.017982100000153878,
    "Regularized reconstruction": 0.16856941000005463,
    "Mapped recon + log evidence": 0.038025519999973764
  },
  "total_step_by_step": 0.6300677900004302,
  "full_pipeline_per_call": 0.5896714300000895,
  "vmap": {
    "batch_size": 3,
    "batch_time": 2.862727979999909,
    "per_call": 0.9542426599999696,
    "speedup_vs_single_jit": 0.62
  },
  "memory_mb": {
    "output": 2.288818359375e-05,
    "temp": 2270.653045654297
  }
}