{
  "config_name": "local_gpu_fp64",
  "use_mixed_precision": false,
  "autolens_version": "2026.5.8.2",
  "instrument": "hst",
  "configuration": {
    "pixel_scale_arcsec": 0.05,
    "mask_radius_arcsec": 3.5,
    "image_pixels_masked": 15361,
    "over_sampled_pixels": 17980,
    "overlay_shape": [
      39,
      39
    ],
    "edge_n_points": 30,
    "n_mesh_vertices": 1231,
    "edge_pixels_total": 30
  },
  "device": {
    "backend": "gpu",
    "device": "cuda:0",
    "nvidia_smi": "NVIDIA GeForce RTX 2060 with Max-Q Design, 2700 MiB, 6144 MiB"
  },
  "log_likelihood": {
    "eager_numpy": 31807.313121797593,
    "eager_log_evidence": 27433.90296505439,
    "step_by_step_jit_log_evidence": 27433.902965055946,
    "full_pipeline_jit": 27433.90296505801,
    "vmap_first_element": 27433.90296505529
  },
  "steps": {
    "Ray-trace data grid": 0.0031945199998517637,
    "Ray-trace mesh grid": 0.0028362400000332853,
    "Lens light images (pre-PSF)": 0.00027716999993572246,
    "Blurred image (PSF convolution)": 0.0040704200000618584,
    "Profile-subtracted image": 0.0020576199998686207,
    "Inversion setup (steps 5-8 combined)": 0.10819143999997323,
    "Data vector (D)": 0.0015465700000277139,
    "Curvature matrix (F)": 0.24676901999991968,
    "Regularization matrix (H)": 0.013245500000266475,
    "Regularized reconstruction": 0.10976150000005873,
    "Mapped recon + log evidence": 0.0328964399999677
  },
  "total_step_by_step": 0.5248464399999647,
  "full_pipeline_per_call": 0.47485861999994083,
  "vmap": {
    "batch_size": 3,
    "batch_time": 1.6222352799999498,
    "per_call": 0.5407450933333166,
    "speedup_vs_single_jit": 0.88
  },
  "memory_mb": {
    "output": 2.288818359375e-05,
    "temp": 1837.821403503418
  }
}