{
  "config_name": "local_gpu_mp",
  "use_mixed_precision": true,
  "autolens_version": "2026.5.8.2",
  "instrument": "hst",
  "configuration": {
    "pixel_scale_arcsec": 0.05,
    "mask_radius_arcsec": 3.5,
    "image_pixels_masked": 15361,
    "over_sampled_pixels": 17980,
    "overlay_shape": [
      39,
      39
    ],
    "edge_n_points": 30,
    "n_mesh_vertices": 1231,
    "edge_pixels_total": 30
  },
  "device": {
    "backend": "gpu",
    "device": "cuda:0",
    "nvidia_smi": "NVIDIA GeForce RTX 2060 with Max-Q Design, 2692 MiB, 6144 MiB"
  },
  "log_likelihood": {
    "eager_numpy": 31807.3131181345,
    "eager_log_evidence": 27433.902960836793,
    "step_by_step_jit_log_evidence": 27433.90296083835,
    "full_pipeline_jit": 27433.902932919293,
    "vmap_first_element": 27433.90293291703
  },
  "steps": {
    "Ray-trace data grid": 0.003202880000026198,
    "Ray-trace mesh grid": 0.0030391800000870717,
    "Lens light images (pre-PSF)": 0.00023873000009189127,
    "Blurred image (PSF convolution)": 0.004182290000062494,
    "Profile-subtracted image": 0.001971369999955641,
    "Inversion setup (steps 5-8 combined)": 0.0708721199998763,
    "Data vector (D)": 0.0017729299999700743,
    "Curvature matrix (F)": 0.24520329999995738,
    "Regularization matrix (H)": 0.013093100000332925,
    "Regularized reconstruction": 0.10958752000005915,
    "Mapped recon + log evidence": 0.03261928000010812
  },
  "total_step_by_step": 0.48578270000052726,
  "full_pipeline_per_call": 0.4375674299999446,
  "vmap": {
    "batch_size": 3,
    "batch_time": 1.5017990700000154,
    "per_call": 0.5005996900000051,
    "speedup_vs_single_jit": 0.87
  },
  "memory_mb": {
    "output": 2.288818359375e-05,
    "temp": 1837.821403503418
  }
}